"document","term","count","overall.rating","testee.id"
"1","convers",1,"9","X2564"
"1","discuss",1,"9","X2564"
"1","hello",1,"9","X2564"
"1","increas",1,"9","X2564"
"1","open",1,"9","X2564"
"1","potenti",1,"9","X2564"
"1","problem",1,"9","X2564"
"1","salari",1,"9","X2564"
"1","sir",1,"9","X2564"
"1","someth",1,"9","X2564"
"1","there",1,"9","X2564"
"1","want",1,"9","X2564"
"2","appreci",1,"9","X2564"
"2","consider",1,"9","X2564"
"2","head",1,"9","X2564"
"2","support",1,"9","X2564"
"2","thank",1,"9","X2564"
"2","wouldnt",1,"9","X2564"
"3","assign",1,"9","X2564"
"3","believ",1,"9","X2564"
"3","brought",1,"9","X2564"
"3","busi",1,"9","X2564"
"3","can",1,"9","X2564"
"3","compani",2,"9","X2564"
"3","convers",1,"9","X2564"
"3","coupl",1,"9","X2564"
"3","discuss",1,"9","X2564"
"3","done",1,"9","X2564"
"3","extra",1,"9","X2564"
"3","hello",1,"9","X2564"
"3","impress",1,"9","X2564"
"3","increas",1,"9","X2564"
"3","ive",2,"9","X2564"
"3","lead",1,"9","X2564"
"3","lot",3,"9","X2564"
"3","mani",1,"9","X2564"
"3","month",1,"9","X2564"
"3","open",1,"9","X2564"
"3","past",1,"9","X2564"
"3","potenti",1,"9","X2564"
"3","problem",1,"9","X2564"
"3","project",1,"9","X2564"
"3","salari",1,"9","X2564"
"3","show",1,"9","X2564"
"3","sir",1,"9","X2564"
"3","someth",1,"9","X2564"
"3","taken",1,"9","X2564"
"3","there",1,"9","X2564"
"3","thing",1,"9","X2564"
"3","want",1,"9","X2564"
"3","work",2,"9","X2564"
"4","can",1,"9","X2564"
"4","career",1,"9","X2564"
"4","come",1,"9","X2564"
"4","compani",1,"9","X2564"
"4","conclus",1,"9","X2564"
"4","consid",2,"9","X2564"
"4","definit",1,"9","X2564"
"4","excel",1,"9","X2564"
"4","feel",1,"9","X2564"
"4","futur",1,"9","X2564"
"4","havent",1,"9","X2564"
"4","hope",1,"9","X2564"
"4","might",1,"9","X2564"
"4","that",1,"9","X2564"
"4","togeth",1,"9","X2564"
"4","understand",1,"9","X2564"
"4","way",1,"9","X2564"
"4","work",1,"9","X2564"
"4","yeah",1,"9","X2564"
"5","appreci",1,"9","X2564"
"5","hard",1,"9","X2564"
"5","keep",1,"9","X2564"
"5","thank",2,"9","X2564"
"5","work",1,"9","X2564"
"1","convers",1,"7","X9725"
"1","discuss",1,"7","X9725"
"1","hope",1,"7","X9725"
"1","increas",1,"7","X9725"
"1","just",1,"7","X9725"
"1","open",1,"7","X9725"
"1","potenti",1,"7","X9725"
"1","salari",1,"7","X9725"
"1","sir",1,"7","X9725"
"1","someth",1,"7","X9725"
"1","want",1,"7","X9725"
"2","appreci",3,"7","X9725"
"2","better",1,"7","X9725"
"2","busi",3,"7","X9725"
"2","compani",1,"7","X9725"
"2","conveni",1,"7","X9725"
"2","convers",1,"7","X9725"
"2","deserv",1,"7","X9725"
"2","discuss",1,"7","X9725"
"2","economi",1,"7","X9725"
"2","feedback",1,"7","X9725"
"2","get",1,"7","X9725"
"2","higher",1,"7","X9725"
"2","hope",1,"7","X9725"
"2","increas",1,"7","X9725"
"2","just",2,"7","X9725"
"2","know",2,"7","X9725"
"2","least",1,"7","X9725"
"2","long",2,"7","X9725"
"2","lot",1,"7","X9725"
"2","mind",2,"7","X9725"
"2","minut",1,"7","X9725"
"2","now",1,"7","X9725"
"2","open",1,"7","X9725"
"2","pay",1,"7","X9725"
"2","potenti",1,"7","X9725"
"2","put",1,"7","X9725"
"2","quarter",1,"7","X9725"
"2","rais",1,"7","X9725"
"2","realli",1,"7","X9725"
"2","salari",1,"7","X9725"
"2","schedul",1,"7","X9725"
"2","seed",1,"7","X9725"
"2","sir",2,"7","X9725"
"2","someth",1,"7","X9725"
"2","take",1,"7","X9725"
"2","talk",2,"7","X9725"
"2","thank",1,"7","X9725"
"2","thing",1,"7","X9725"
"2","time",1,"7","X9725"
"2","tri",1,"7","X9725"
"2","understand",1,"7","X9725"
"2","want",1,"7","X9725"
"2","way",2,"7","X9725"
"2","whenev",1,"7","X9725"
"2","work",1,"7","X9725"
"2","your",1,"7","X9725"
"2","you√",1,"7","X9725"
"3","appli",1,"7","X9725"
"3","assign",1,"7","X9725"
"3","believ",1,"7","X9725"
"3","brought",2,"7","X9725"
"3","busi",2,"7","X9725"
"3","compani",3,"7","X9725"
"3","done",1,"7","X9725"
"3","earlier",1,"7","X9725"
"3","elig",1,"7","X9725"
"3","even",1,"7","X9725"
"3","extra",2,"7","X9725"
"3","good",1,"7","X9725"
"3","high",1,"7","X9725"
"3","higher",2,"7","X9725"
"3","ive",2,"7","X9725"
"3","lead",1,"7","X9725"
"3","like",1,"7","X9725"
"3","lot",5,"7","X9725"
"3","manag",1,"7","X9725"
"3","mani",1,"7","X9725"
"3","month",1,"7","X9725"
"3","numer",2,"7","X9725"
"3","pay",1,"7","X9725"
"3","play",1,"7","X9725"
"3","product",1,"7","X9725"
"3","project",2,"7","X9725"
"3","rais",1,"7","X9725"
"3","rate",1,"7","X9725"
"3","reason",1,"7","X9725"
"3","receiv",1,"7","X9725"
"3","reiter",1,"7","X9725"
"3","see",1,"7","X9725"
"3","take",2,"7","X9725"
"3","thing",1,"7","X9725"
"3","time",2,"7","X9725"
"3","well",1,"7","X9725"
"3","work",1,"7","X9725"
"4","abl",1,"7","X9725"
"4","almost",1,"7","X9725"
"4","anyon",2,"7","X9725"
"4","appli",1,"7","X9725"
"4","appreci",3,"7","X9725"
"4","ask",3,"7","X9725"
"4","believ",1,"7","X9725"
"4","benefici",1,"7","X9725"
"4","better",1,"7","X9725"
"4","brought",1,"7","X9725"
"4","busi",4,"7","X9725"
"4","come",1,"7","X9725"
"4","compani",2,"7","X9725"
"4","complet",1,"7","X9725"
"4","conveni",1,"7","X9725"
"4","correct",1,"7","X9725"
"4","deserv",1,"7","X9725"
"4","dont",1,"7","X9725"
"4","earlier",1,"7","X9725"
"4","economi",1,"7","X9725"
"4","elig",1,"7","X9725"
"4","ethic",1,"7","X9725"
"4","even",1,"7","X9725"
"4","extra",1,"7","X9725"
"4","feedback",1,"7","X9725"
"4","get",1,"7","X9725"
"4","give",2,"7","X9725"
"4","harder",1,"7","X9725"
"4","high",1,"7","X9725"
"4","higher",3,"7","X9725"
"4","immedi",1,"7","X9725"
"4","includ",1,"7","X9725"
"4","ive",2,"7","X9725"
"4","just",2,"7","X9725"
"4","know",2,"7","X9725"
"4","least",1,"7","X9725"
"4","like",1,"7","X9725"
"4","long",2,"7","X9725"
"4","lot",3,"7","X9725"
"4","manag",3,"7","X9725"
"4","mind",2,"7","X9725"
"4","minut",1,"7","X9725"
"4","month",1,"7","X9725"
"4","need",1,"7","X9725"
"4","now",1,"7","X9725"
"4","numer",2,"7","X9725"
"4","offic",1,"7","X9725"
"4","okay",1,"7","X9725"
"4","pay",4,"7","X9725"
"4","play",1,"7","X9725"
"4","point",1,"7","X9725"
"4","product",1,"7","X9725"
"4","project",1,"7","X9725"
"4","put",1,"7","X9725"
"4","quarter",2,"7","X9725"
"4","rais",5,"7","X9725"
"4","rate",1,"7","X9725"
"4","realli",1,"7","X9725"
"4","reason",1,"7","X9725"
"4","receiv",1,"7","X9725"
"4","reiter",1,"7","X9725"
"4","schedul",1,"7","X9725"
"4","see",1,"7","X9725"
"4","seed",1,"7","X9725"
"4","sign",1,"7","X9725"
"4","situat",1,"7","X9725"
"4","take",2,"7","X9725"
"4","talk",3,"7","X9725"
"4","thing",1,"7","X9725"
"4","time",2,"7","X9725"
"4","tri",1,"7","X9725"
"4","understand",3,"7","X9725"
"4","upper",2,"7","X9725"
"4","want",1,"7","X9725"
"4","way",2,"7","X9725"
"4","well",1,"7","X9725"
"4","whenev",2,"7","X9725"
"4","will",1,"7","X9725"
"4","work",3,"7","X9725"
"4","yeah",2,"7","X9725"
"4","youd",1,"7","X9725"
"4","your",1,"7","X9725"
"4","you√",1,"7","X9725"
"5","appreci",1,"7","X9725"
"5","can√",1,"7","X9725"
"5","chines",1,"7","X9725"
"5","compani",1,"7","X9725"
"5","convers",1,"7","X9725"
"5","correct",1,"7","X9725"
"5","cultur",1,"7","X9725"
"5","direct",1,"7","X9725"
"5","employe",1,"7","X9725"
"5","goe",1,"7","X9725"
"5","great",1,"7","X9725"
"5","know",2,"7","X9725"
"5","let",1,"7","X9725"
"5","like",1,"7","X9725"
"5","much",1,"7","X9725"
"5","new",1,"7","X9725"
"5","now",1,"7","X9725"
"5","okay",1,"7","X9725"
"5","rais",1,"7","X9725"
"5","realli",1,"7","X9725"
"5","seek",1,"7","X9725"
"5","still",1,"7","X9725"
"5","thank",1,"7","X9725"
"5","way",1,"7","X9725"
"1","convers",1,"12","X6080"
"1","increas",1,"12","X6080"
"1","just",1,"12","X6080"
"1","maam",1,"12","X6080"
"1","open",1,"12","X6080"
"1","problem",1,"12","X6080"
"1","salari",1,"12","X6080"
"1","wonder",1,"12","X6080"
"2","convers",1,"12","X6080"
"2","increas",1,"12","X6080"
"2","just",1,"12","X6080"
"2","maam",1,"12","X6080"
"2","open",1,"12","X6080"
"2","problem",1,"12","X6080"
"2","salari",1,"12","X6080"
"2","wonder",1,"12","X6080"
"3","convers",1,"12","X6080"
"3","increas",1,"12","X6080"
"3","just",1,"12","X6080"
"3","maam",1,"12","X6080"
"3","open",1,"12","X6080"
"3","problem",1,"12","X6080"
"3","salari",1,"12","X6080"
"3","wonder",1,"12","X6080"
"4","amaz",1,"12","X6080"
"4","award",1,"12","X6080"
"4","back",1,"12","X6080"
"4","base",1,"12","X6080"
"4","believ",2,"12","X6080"
"4","book",1,"12","X6080"
"4","compani",1,"12","X6080"
"4","consid",1,"12","X6080"
"4","content",1,"12","X6080"
"4","current",2,"12","X6080"
"4","definit",1,"12","X6080"
"4","earn",1,"12","X6080"
"4","employe",1,"12","X6080"
"4","extrem",1,"12","X6080"
"4","feel",1,"12","X6080"
"4","good",1,"12","X6080"
"4","hard",1,"12","X6080"
"4","higher",2,"12","X6080"
"4","increas",1,"12","X6080"
"4","ive",1,"12","X6080"
"4","just",2,"12","X6080"
"4","look",1,"12","X6080"
"4","lot",1,"12","X6080"
"4","mean",1,"12","X6080"
"4","month",1,"12","X6080"
"4","now",1,"12","X6080"
"4","par",1,"12","X6080"
"4","past",1,"12","X6080"
"4","perfect",1,"12","X6080"
"4","posit",2,"12","X6080"
"4","project",1,"12","X6080"
"4","quit",1,"12","X6080"
"4","rais",1,"12","X6080"
"4","receiv",1,"12","X6080"
"4","reflect",1,"12","X6080"
"4","result",1,"12","X6080"
"4","said",1,"12","X6080"
"4","salari",2,"12","X6080"
"4","sever",1,"12","X6080"
"4","show",1,"12","X6080"
"4","shown",1,"12","X6080"
"4","stood",1,"12","X6080"
"4","take",1,"12","X6080"
"4","think",2,"12","X6080"
"4","time",1,"12","X6080"
"4","well",2,"12","X6080"
"4","work",5,"12","X6080"
"4","year",1,"12","X6080"
"5","abl",1,"12","X6080"
"5","around",1,"12","X6080"
"5","award",1,"12","X6080"
"5","believ",2,"12","X6080"
"5","clear",1,"12","X6080"
"5","compani",1,"12","X6080"
"5","day",1,"12","X6080"
"5","deserv",1,"12","X6080"
"5","done",1,"12","X6080"
"5","dont",1,"12","X6080"
"5","earn",1,"12","X6080"
"5","employe",1,"12","X6080"
"5","everi",1,"12","X6080"
"5","forward",1,"12","X6080"
"5","hard",1,"12","X6080"
"5","ive",1,"12","X6080"
"5","just",3,"12","X6080"
"5","life",1,"12","X6080"
"5","like",1,"12","X6080"
"5","make",3,"12","X6080"
"5","manag",1,"12","X6080"
"5","mani",1,"12","X6080"
"5","money",1,"12","X6080"
"5","month",1,"12","X6080"
"5","move",1,"12","X6080"
"5","need",2,"12","X6080"
"5","never",1,"12","X6080"
"5","opinion",1,"12","X6080"
"5","otherwis",1,"12","X6080"
"5","overal",1,"12","X6080"
"5","past",2,"12","X6080"
"5","peopl",1,"12","X6080"
"5","progress",3,"12","X6080"
"5","repeat",1,"12","X6080"
"5","show",3,"12","X6080"
"5","stay",1,"12","X6080"
"5","sure",1,"12","X6080"
"5","talk",1,"12","X6080"
"5","term",1,"12","X6080"
"5","there",1,"12","X6080"
"5","think",2,"12","X6080"
"5","want",2,"12","X6080"
"5","will",2,"12","X6080"
"5","work",3,"12","X6080"
"1","actual",2,"16","X4847"
"1","award",1,"16","X4847"
"1","benefici",1,"16","X4847"
"1","compani",2,"16","X4847"
"1","earn",1,"16","X4847"
"1","get",1,"16","X4847"
"1","happi",1,"16","X4847"
"1","highest",1,"16","X4847"
"1","hope",2,"16","X4847"
"1","increas",1,"16","X4847"
"1","ive",4,"16","X4847"
"1","just",1,"16","X4847"
"1","know",2,"16","X4847"
"1","last",1,"16","X4847"
"1","like",1,"16","X4847"
"1","love",1,"16","X4847"
"1","numer",1,"16","X4847"
"1","past",2,"16","X4847"
"1","product",2,"16","X4847"
"1","rais",1,"16","X4847"
"1","realli",2,"16","X4847"
"1","someth",1,"16","X4847"
"1","talk",1,"16","X4847"
"1","ten",3,"16","X4847"
"1","think",1,"16","X4847"
"1","time",1,"16","X4847"
"1","won",1,"16","X4847"
"1","work",3,"16","X4847"
"1","year",4,"16","X4847"
"2","absolut",1,"16","X4847"
"2","adjust",1,"16","X4847"
"2","ago",1,"16","X4847"
"2","basic",1,"16","X4847"
"2","better",1,"16","X4847"
"2","cant",1,"16","X4847"
"2","compani",4,"16","X4847"
"2","corner",1,"16","X4847"
"2","cours",1,"16","X4847"
"2","cut",1,"16","X4847"
"2","day",1,"16","X4847"
"2","done",1,"16","X4847"
"2","els",1,"16","X4847"
"2","ever",1,"16","X4847"
"2","everi",1,"16","X4847"
"2","everyth",1,"16","X4847"
"2","famili",1,"16","X4847"
"2","frame",1,"16","X4847"
"2","get",2,"16","X4847"
"2","give",1,"16","X4847"
"2","good",1,"16","X4847"
"2","happen",1,"16","X4847"
"2","happi",1,"16","X4847"
"2","hard",1,"16","X4847"
"2","havent",1,"16","X4847"
"2","ive",4,"16","X4847"
"2","just",4,"16","X4847"
"2","kid",2,"16","X4847"
"2","make",1,"16","X4847"
"2","mean",1,"16","X4847"
"2","money",3,"16","X4847"
"2","month",1,"16","X4847"
"2","never",1,"16","X4847"
"2","next",1,"16","X4847"
"2","nowher",1,"16","X4847"
"2","order",2,"16","X4847"
"2","period",1,"16","X4847"
"2","preschool",3,"16","X4847"
"2","pull",1,"16","X4847"
"2","rais",3,"16","X4847"
"2","realli",2,"16","X4847"
"2","reason",1,"16","X4847"
"2","salari",1,"16","X4847"
"2","say",1,"16","X4847"
"2","send",1,"16","X4847"
"2","sick",1,"16","X4847"
"2","singl",1,"16","X4847"
"2","six",1,"16","X4847"
"2","somewher",1,"16","X4847"
"2","start",1,"16","X4847"
"2","take",1,"16","X4847"
"2","theyr",1,"16","X4847"
"2","three",1,"16","X4847"
"2","time",2,"16","X4847"
"2","true",1,"16","X4847"
"2","understand",2,"16","X4847"
"2","valu",1,"16","X4847"
"2","want",1,"16","X4847"
"2","will",1,"16","X4847"
"2","within",2,"16","X4847"
"2","work",2,"16","X4847"
"2","yeah",1,"16","X4847"
"2","year",1,"16","X4847"
"2","yes",1,"16","X4847"
"2","youll",1,"16","X4847"
"3","appreci",1,"16","X4847"
"3","ask",1,"16","X4847"
"3","back",1,"16","X4847"
"3","can",1,"16","X4847"
"3","case",1,"16","X4847"
"3","decis",1,"16","X4847"
"3","discuss",3,"16","X4847"
"3","hear",1,"16","X4847"
"3","import",1,"16","X4847"
"3","later",1,"16","X4847"
"3","lobbi",1,"16","X4847"
"3","made",1,"16","X4847"
"3","manag",1,"16","X4847"
"3","need",1,"16","X4847"
"3","now",1,"16","X4847"
"3","okay",1,"16","X4847"
"3","realli",1,"16","X4847"
"3","think",1,"16","X4847"
"3","upper",1,"16","X4847"
"3","well",1,"16","X4847"
"3","will",1,"16","X4847"
"3","yeah",2,"16","X4847"
"3","youd",1,"16","X4847"
"4","abl",1,"16","X4847"
"4","anytim",1,"16","X4847"
"4","away",1,"16","X4847"
"4","back",1,"16","X4847"
"4","cant",1,"16","X4847"
"4","come",1,"16","X4847"
"4","compani",1,"16","X4847"
"4","consid",1,"16","X4847"
"4","deep",1,"16","X4847"
"4","divert",1,"16","X4847"
"4","dont",2,"16","X4847"
"4","econom",1,"16","X4847"
"4","employ",2,"16","X4847"
"4","famili",1,"16","X4847"
"4","far",1,"16","X4847"
"4","fund",1,"16","X4847"
"4","get",2,"16","X4847"
"4","give",1,"16","X4847"
"4","good",1,"16","X4847"
"4","hate",3,"16","X4847"
"4","hear",1,"16","X4847"
"4","hope",1,"16","X4847"
"4","just",3,"16","X4847"
"4","keep",1,"16","X4847"
"4","kid",2,"16","X4847"
"4","know",2,"16","X4847"
"4","leav",1,"16","X4847"
"4","let",1,"16","X4847"
"4","life",2,"16","X4847"
"4","like",1,"16","X4847"
"4","love",1,"16","X4847"
"4","may",1,"16","X4847"
"4","might",1,"16","X4847"
"4","month",1,"16","X4847"
"4","necessarili",1,"16","X4847"
"4","need",2,"16","X4847"
"4","next",1,"16","X4847"
"4","now",1,"16","X4847"
"4","obvious",1,"16","X4847"
"4","option",1,"16","X4847"
"4","past",1,"16","X4847"
"4","peer",1,"16","X4847"
"4","peopl",1,"16","X4847"
"4","place",1,"16","X4847"
"4","point",1,"16","X4847"
"4","potenti",1,"16","X4847"
"4","prioriti",2,"16","X4847"
"4","proceed",1,"16","X4847"
"4","rais",4,"16","X4847"
"4","realli",2,"16","X4847"
"4","reason",1,"16","X4847"
"4","say",1,"16","X4847"
"4","school",1,"16","X4847"
"4","see",3,"16","X4847"
"4","seek",1,"16","X4847"
"4","seen",1,"16","X4847"
"4","send",1,"16","X4847"
"4","six",1,"16","X4847"
"4","soon",1,"16","X4847"
"4","standpoint",1,"16","X4847"
"4","superior",1,"16","X4847"
"4","taken",1,"16","X4847"
"4","talk",1,"16","X4847"
"4","ten",1,"16","X4847"
"4","think",3,"16","X4847"
"4","understand",2,"16","X4847"
"4","within",1,"16","X4847"
"4","work",3,"16","X4847"
"4","worri",1,"16","X4847"
"4","yeah",1,"16","X4847"
"4","year",1,"16","X4847"
"4","your",1,"16","X4847"
"5","much",1,"16","X4847"
"5","thank",1,"16","X4847"
"1","actual",1,"8","X9459"
"1","come",1,"8","X9459"
"1","convers",1,"8","X9459"
"1","fine",1,"8","X9459"
"1","hope",1,"8","X9459"
"1","increas",1,"8","X9459"
"1","kind",1,"8","X9459"
"1","potenti",1,"8","X9459"
"1","salari",1,"8","X9459"
"1","talk",1,"8","X9459"
"1","think",1,"8","X9459"
"1","want",1,"8","X9459"
"1","well",1,"8","X9459"
"1","work",1,"8","X9459"
"2","brought",1,"8","X9459"
"2","busi",1,"8","X9459"
"2","compani",2,"8","X9459"
"2","deserv",1,"8","X9459"
"2","done",2,"8","X9459"
"2","especi",1,"8","X9459"
"2","exact",1,"8","X9459"
"2","extra",1,"8","X9459"
"2","feel",1,"8","X9459"
"2","felt",1,"8","X9459"
"2","good",2,"8","X9459"
"2","ive",3,"8","X9459"
"2","lead",1,"8","X9459"
"2","like",2,"8","X9459"
"2","lot",4,"8","X9459"
"2","mani",1,"8","X9459"
"2","past",1,"8","X9459"
"2","project",1,"8","X9459"
"2","rais",1,"8","X9459"
"2","taken",1,"8","X9459"
"2","three",1,"8","X9459"
"2","work",3,"8","X9459"
"2","yeah",1,"8","X9459"
"2","year",2,"8","X9459"
"3","also",2,"8","X9459"
"3","amount",1,"8","X9459"
"3","appreci",1,"8","X9459"
"3","aren√",1,"8","X9459"
"3","base",1,"8","X9459"
"3","better",1,"8","X9459"
"3","can",3,"8","X9459"
"3","come",1,"8","X9459"
"3","compani",1,"8","X9459"
"3","cover",1,"8","X9459"
"3","deserv",1,"8","X9459"
"3","direct",1,"8","X9459"
"3","done",2,"8","X9459"
"3","easier",1,"8","X9459"
"3","employe",1,"8","X9459"
"3","end",1,"8","X9459"
"3","especi",1,"8","X9459"
"3","feel",2,"8","X9459"
"3","felt",1,"8","X9459"
"3","final",1,"8","X9459"
"3","good",3,"8","X9459"
"3","higher",2,"8","X9459"
"3","honest",1,"8","X9459"
"3","hope",3,"8","X9459"
"3","ive",2,"8","X9459"
"3","like",12,"8","X9459"
"3","lot",1,"8","X9459"
"3","make",1,"8","X9459"
"3","manag",1,"8","X9459"
"3","mayb",1,"8","X9459"
"3","month",1,"8","X9459"
"3","one",1,"8","X9459"
"3","past",1,"8","X9459"
"3","proven",1,"8","X9459"
"3","put",2,"8","X9459"
"3","request",1,"8","X9459"
"3","said",1,"8","X9459"
"3","salari",1,"8","X9459"
"3","say",1,"8","X9459"
"3","see",1,"8","X9459"
"3","show",2,"8","X9459"
"3","success",1,"8","X9459"
"3","talk",3,"8","X9459"
"3","tell",1,"8","X9459"
"3","thank",1,"8","X9459"
"3","thing",1,"8","X9459"
"3","think",1,"8","X9459"
"3","toward",1,"8","X9459"
"3","upper",1,"8","X9459"
"3","way",1,"8","X9459"
"3","well",1,"8","X9459"
"3","will",2,"8","X9459"
"3","won",1,"8","X9459"
"3","word",2,"8","X9459"
"3","work",3,"8","X9459"
"3","worth",1,"8","X9459"
"3","year",2,"8","X9459"
"4","back",1,"8","X9459"
"4","can",1,"8","X9459"
"4","futur",1,"8","X9459"
"4","get",1,"8","X9459"
"4","hope",1,"8","X9459"
"4","just",1,"8","X9459"
"4","like",1,"8","X9459"
"4","near",1,"8","X9459"
"4","noth",1,"8","X9459"
"4","now",1,"8","X9459"
"4","paperwork",1,"8","X9459"
"4","submit",1,"8","X9459"
"4","there",1,"8","X9459"
"4","thing",1,"8","X9459"
"4","wait",1,"8","X9459"
"4","will",1,"8","X9459"
"5","bank",1,"8","X9459"
"5","benefit",1,"8","X9459"
"5","compani",2,"8","X9459"
"5","consid",1,"8","X9459"
"5","havent",1,"8","X9459"
"5","honest",1,"8","X9459"
"5","hope",1,"8","X9459"
"5","job",1,"8","X9459"
"5","just",1,"8","X9459"
"5","like",2,"8","X9459"
"5","rais",1,"8","X9459"
"5","realli",3,"8","X9459"
"5","salari",1,"8","X9459"
"5","work",3,"8","X9459"
"6","good",1,"8","X9459"
"6","sound",1,"8","X9459"
"6","thank",1,"8","X9459"
"1","actual",1,"8","X1006"
"1","convers",1,"8","X1006"
"1","discuss",1,"8","X1006"
"1","hope",1,"8","X1006"
"1","increas",1,"8","X1006"
"1","open",1,"8","X1006"
"1","potenti",1,"8","X1006"
"1","saleri",1,"8","X1006"
"1","someth",1,"8","X1006"
"1","want",1,"8","X1006"
"2","accur",1,"8","X1006"
"2","almost",1,"8","X1006"
"2","anyon",3,"8","X1006"
"2","arent",1,"8","X1006"
"2","ask",3,"8","X1006"
"2","assign",1,"8","X1006"
"2","award",1,"8","X1006"
"2","back",1,"8","X1006"
"2","believ",3,"8","X1006"
"2","bring",1,"8","X1006"
"2","busi",1,"8","X1006"
"2","capabl",1,"8","X1006"
"2","compani",2,"8","X1006"
"2","consid",2,"8","X1006"
"2","current",1,"8","X1006"
"2","definit",2,"8","X1006"
"2","discuss",1,"8","X1006"
"2","doesnt",1,"8","X1006"
"2","done",1,"8","X1006"
"2","dont",1,"8","X1006"
"2","earlier",1,"8","X1006"
"2","earn",1,"8","X1006"
"2","employe",1,"8","X1006"
"2","ethic",2,"8","X1006"
"2","extra",1,"8","X1006"
"2","fact",1,"8","X1006"
"2","feel",1,"8","X1006"
"2","fill",1,"8","X1006"
"2","final",1,"8","X1006"
"2","good",1,"8","X1006"
"2","harder",1,"8","X1006"
"2","higher",1,"8","X1006"
"2","highest",1,"8","X1006"
"2","includ",2,"8","X1006"
"2","inde",1,"8","X1006"
"2","ive",5,"8","X1006"
"2","just",2,"8","X1006"
"2","last",1,"8","X1006"
"2","lead",1,"8","X1006"
"2","like",2,"8","X1006"
"2","lot",3,"8","X1006"
"2","manag",4,"8","X1006"
"2","mani",1,"8","X1006"
"2","month",1,"8","X1006"
"2","necessarili",1,"8","X1006"
"2","need",1,"8","X1006"
"2","never",1,"8","X1006"
"2","numer",2,"8","X1006"
"2","offic",3,"8","X1006"
"2","one",1,"8","X1006"
"2","person",1,"8","X1006"
"2","problem",1,"8","X1006"
"2","product",1,"8","X1006"
"2","project",1,"8","X1006"
"2","rais",1,"8","X1006"
"2","rate",1,"8","X1006"
"2","reflect",1,"8","X1006"
"2","respect",1,"8","X1006"
"2","said",1,"8","X1006"
"2","salari",2,"8","X1006"
"2","say",1,"8","X1006"
"2","taken",1,"8","X1006"
"2","thing",1,"8","X1006"
"2","think",3,"8","X1006"
"2","three",1,"8","X1006"
"2","time",1,"8","X1006"
"2","understand",3,"8","X1006"
"2","upper",3,"8","X1006"
"2","wasnt",1,"8","X1006"
"2","well",1,"8","X1006"
"2","won",1,"8","X1006"
"2","work",5,"8","X1006"
"2","year",2,"8","X1006"
"2","yes",1,"8","X1006"
"3","appreci",2,"8","X1006"
"3","consid",1,"8","X1006"
"3","definit",1,"8","X1006"
"3","expect",2,"8","X1006"
"3","fourth",1,"8","X1006"
"3","get",2,"8","X1006"
"3","higher",1,"8","X1006"
"3","ive",1,"8","X1006"
"3","just",2,"8","X1006"
"3","like",2,"8","X1006"
"3","long",1,"8","X1006"
"3","mayb",1,"8","X1006"
"3","past",1,"8","X1006"
"3","process",1,"8","X1006"
"3","rais",3,"8","X1006"
"3","salari",1,"8","X1006"
"3","say",1,"8","X1006"
"3","talk",1,"8","X1006"
"3","think",1,"8","X1006"
"3","three",1,"8","X1006"
"3","understand",1,"8","X1006"
"3","urgent",1,"8","X1006"
"3","work",2,"8","X1006"
"3","wouldnt",1,"8","X1006"
"3","year",2,"8","X1006"
"4","bit",1,"8","X1006"
"4","can",2,"8","X1006"
"4","explain",1,"8","X1006"
"4","littl",1,"8","X1006"
"5","back",1,"8","X1006"
"5","better",1,"8","X1006"
"5","come",1,"8","X1006"
"5","compani",1,"8","X1006"
"5","consid",1,"8","X1006"
"5","definit",1,"8","X1006"
"5","discuss",2,"8","X1006"
"5","experienc",1,"8","X1006"
"5","futur",1,"8","X1006"
"5","higher",1,"8","X1006"
"5","know",1,"8","X1006"
"5","much",2,"8","X1006"
"5","next",1,"8","X1006"
"5","open",1,"8","X1006"
"5","possibl",1,"8","X1006"
"5","rais",1,"8","X1006"
"5","salari",1,"8","X1006"
"5","think",1,"8","X1006"
"5","tri",1,"8","X1006"
"5","way",1,"8","X1006"
"5","will",1,"8","X1006"
"5","year",2,"8","X1006"
"6","cool",1,"8","X1006"
"6","thank",1,"8","X1006"
"1","actual",1,"10","X6067"
"1","convers",1,"10","X6067"
"1","discuss",1,"10","X6067"
"1","hope",1,"10","X6067"
"1","increas",1,"10","X6067"
"1","open",1,"10","X6067"
"1","potenti",1,"10","X6067"
"1","salari",1,"10","X6067"
"1","sir",1,"10","X6067"
"1","someth",1,"10","X6067"
"1","want",1,"10","X6067"
"2","actual",1,"10","X6067"
"2","convers",1,"10","X6067"
"2","discuss",1,"10","X6067"
"2","hope",1,"10","X6067"
"2","increas",1,"10","X6067"
"2","open",1,"10","X6067"
"2","potenti",1,"10","X6067"
"2","salari",1,"10","X6067"
"2","sir",1,"10","X6067"
"2","someth",1,"10","X6067"
"2","want",1,"10","X6067"
"3","actual",1,"10","X6067"
"3","convers",1,"10","X6067"
"3","discuss",1,"10","X6067"
"3","hope",1,"10","X6067"
"3","increas",1,"10","X6067"
"3","open",1,"10","X6067"
"3","potenti",1,"10","X6067"
"3","salari",1,"10","X6067"
"3","sir",1,"10","X6067"
"3","someth",1,"10","X6067"
"3","want",1,"10","X6067"
"4","amount",1,"10","X6067"
"4","assign",1,"10","X6067"
"4","believ",1,"10","X6067"
"4","brought",1,"10","X6067"
"4","busi",1,"10","X6067"
"4","compani",2,"10","X6067"
"4","current",1,"10","X6067"
"4","done",2,"10","X6067"
"4","feel",2,"10","X6067"
"4","fifteen",1,"10","X6067"
"4","get",1,"10","X6067"
"4","help",1,"10","X6067"
"4","isnt",1,"10","X6067"
"4","ive",3,"10","X6067"
"4","led",1,"10","X6067"
"4","lot",3,"10","X6067"
"4","mani",1,"10","X6067"
"4","percent",1,"10","X6067"
"4","project",1,"10","X6067"
"4","reflect",1,"10","X6067"
"4","salari",1,"10","X6067"
"4","taken",1,"10","X6067"
"4","though",2,"10","X6067"
"4","will",1,"10","X6067"
"4","work",2,"10","X6067"
"1","actual",1,"9","X2037"
"1","convers",1,"9","X2037"
"1","discuss",1,"9","X2037"
"1","hope",1,"9","X2037"
"1","increas",1,"9","X2037"
"1","open",1,"9","X2037"
"1","potenti",1,"9","X2037"
"1","salari",1,"9","X2037"
"1","someth",1,"9","X2037"
"1","want",1,"9","X2037"
"2","actual",1,"9","X2037"
"2","assign",1,"9","X2037"
"2","award",1,"9","X2037"
"2","busi",1,"9","X2037"
"2","can",1,"9","X2037"
"2","communiti",1,"9","X2037"
"2","compani",3,"9","X2037"
"2","convers",1,"9","X2037"
"2","coupl",1,"9","X2037"
"2","dedic",1,"9","X2037"
"2","discuss",1,"9","X2037"
"2","done",1,"9","X2037"
"2","dont",1,"9","X2037"
"2","earn",1,"9","X2037"
"2","employe",1,"9","X2037"
"2","extra",1,"9","X2037"
"2","fact",1,"9","X2037"
"2","feel",1,"9","X2037"
"2","good",1,"9","X2037"
"2","guess",1,"9","X2037"
"2","highest",1,"9","X2037"
"2","hope",1,"9","X2037"
"2","impress",1,"9","X2037"
"2","increas",1,"9","X2037"
"2","ive",1,"9","X2037"
"2","job",1,"9","X2037"
"2","know",2,"9","X2037"
"2","led",1,"9","X2037"
"2","lot",4,"9","X2037"
"2","mani",1,"9","X2037"
"2","month",2,"9","X2037"
"2","much",2,"9","X2037"
"2","numer",1,"9","X2037"
"2","offic",1,"9","X2037"
"2","open",1,"9","X2037"
"2","passion",2,"9","X2037"
"2","past",1,"9","X2037"
"2","potenti",1,"9","X2037"
"2","problem",1,"9","X2037"
"2","product",1,"9","X2037"
"2","project",1,"9","X2037"
"2","put",2,"9","X2037"
"2","rate",1,"9","X2037"
"2","realli",2,"9","X2037"
"2","receipt",1,"9","X2037"
"2","receiv",1,"9","X2037"
"2","reflect",1,"9","X2037"
"2","run",1,"9","X2037"
"2","salari",2,"9","X2037"
"2","show",1,"9","X2037"
"2","shown",1,"9","X2037"
"2","someth",2,"9","X2037"
"2","stay",1,"9","X2037"
"2","taken",1,"9","X2037"
"2","that",1,"9","X2037"
"2","that√",1,"9","X2037"
"2","thing",2,"9","X2037"
"2","think",2,"9","X2037"
"2","time",1,"9","X2037"
"2","unhappi",1,"9","X2037"
"2","want",2,"9","X2037"
"2","work",5,"9","X2037"
"2","yeah",1,"9","X2037"
"3","award",1,"9","X2037"
"3","communiti",1,"9","X2037"
"3","compani",1,"9","X2037"
"3","dedic",1,"9","X2037"
"3","dont",1,"9","X2037"
"3","earn",1,"9","X2037"
"3","employe",1,"9","X2037"
"3","fact",1,"9","X2037"
"3","feel",1,"9","X2037"
"3","guess",1,"9","X2037"
"3","highest",1,"9","X2037"
"3","job",1,"9","X2037"
"3","know",1,"9","X2037"
"3","lot",1,"9","X2037"
"3","month",1,"9","X2037"
"3","much",2,"9","X2037"
"3","numer",1,"9","X2037"
"3","offic",1,"9","X2037"
"3","passion",2,"9","X2037"
"3","problem",1,"9","X2037"
"3","product",1,"9","X2037"
"3","put",2,"9","X2037"
"3","rate",1,"9","X2037"
"3","realli",2,"9","X2037"
"3","receipt",1,"9","X2037"
"3","receiv",1,"9","X2037"
"3","reflect",1,"9","X2037"
"3","salari",1,"9","X2037"
"3","shown",1,"9","X2037"
"3","someth",1,"9","X2037"
"3","stay",1,"9","X2037"
"3","that",1,"9","X2037"
"3","that√",1,"9","X2037"
"3","thing",1,"9","X2037"
"3","time",1,"9","X2037"
"3","unhappi",1,"9","X2037"
"3","want",1,"9","X2037"
"3","work",3,"9","X2037"
"3","yeah",1,"9","X2037"
"4","advertis",1,"9","X2037"
"4","applic",1,"9","X2037"
"4","fill",1,"9","X2037"
"4","get",1,"9","X2037"
"4","great",1,"9","X2037"
"4","ill",1,"9","X2037"
"4","increas",1,"9","X2037"
"4","interest",1,"9","X2037"
"4","okay",1,"9","X2037"
"4","project",1,"9","X2037"
"4","salari",1,"9","X2037"
"4","sound",2,"9","X2037"
"4","talk",2,"9","X2037"
"4","that",1,"9","X2037"
"4","well",1,"9","X2037"
"5","approv",1,"9","X2037"
"5","bonus",1,"9","X2037"
"5","care",1,"9","X2037"
"5","either",1,"9","X2037"
"5","get",2,"9","X2037"
"5","goe",1,"9","X2037"
"5","increas",1,"9","X2037"
"5","mayb",2,"9","X2037"
"5","possibl",1,"9","X2037"
"5","salari",2,"9","X2037"
"5","see",2,"9","X2037"
"5","someth",1,"9","X2037"
"5","take",2,"9","X2037"
"1","actual",1,"9","X2270"
"1","compani",1,"9","X2270"
"1","convers",1,"9","X2270"
"1","discuss",1,"9","X2270"
"1","futur",1,"9","X2270"
"1","hope",1,"9","X2270"
"1","import",1,"9","X2270"
"1","increas",1,"9","X2270"
"1","open",1,"9","X2270"
"1","potenti",1,"9","X2270"
"1","present",1,"9","X2270"
"1","regard",1,"9","X2270"
"1","salari",1,"9","X2270"
"1","someth",1,"9","X2270"
"1","want",1,"9","X2270"
"1","yes",1,"9","X2270"
"2","along",1,"9","X2270"
"2","also",1,"9","X2270"
"2","alway",1,"9","X2270"
"2","answer",1,"9","X2270"
"2","award",1,"9","X2270"
"2","away",1,"9","X2270"
"2","behalf",1,"9","X2270"
"2","believ",3,"9","X2270"
"2","benefit",1,"9","X2270"
"2","better",3,"9","X2270"
"2","beyond",1,"9","X2270"
"2","brought",1,"9","X2270"
"2","busi",1,"9","X2270"
"2","can",5,"9","X2270"
"2","cant",1,"9","X2270"
"2","career",2,"9","X2270"
"2","compani",7,"9","X2270"
"2","coupl",1,"9","X2270"
"2","direct",1,"9","X2270"
"2","done",2,"9","X2270"
"2","driven",1,"9","X2270"
"2","earlier",1,"9","X2270"
"2","earn",1,"9","X2270"
"2","effort",1,"9","X2270"
"2","employe",2,"9","X2270"
"2","even",3,"9","X2270"
"2","exposur",1,"9","X2270"
"2","extra",1,"9","X2270"
"2","fill",2,"9","X2270"
"2","fold",1,"9","X2270"
"2","futur",1,"9","X2270"
"2","given",1,"9","X2270"
"2","grow",1,"9","X2270"
"2","hard",1,"9","X2270"
"2","help",2,"9","X2270"
"2","higher",3,"9","X2270"
"2","highest",1,"9","X2270"
"2","hope",1,"9","X2270"
"2","impress",1,"9","X2270"
"2","incentiv",1,"9","X2270"
"2","initi",1,"9","X2270"
"2","ive",6,"9","X2270"
"2","job",1,"9","X2270"
"2","know",1,"9","X2270"
"2","last",1,"9","X2270"
"2","led",1,"9","X2270"
"2","like",1,"9","X2270"
"2","lot",4,"9","X2270"
"2","love",1,"9","X2270"
"2","make",1,"9","X2270"
"2","manag",3,"9","X2270"
"2","mani",1,"9","X2270"
"2","month",2,"9","X2270"
"2","necessarili",1,"9","X2270"
"2","need",1,"9","X2270"
"2","number",2,"9","X2270"
"2","numer",3,"9","X2270"
"2","offic",1,"9","X2270"
"2","one",1,"9","X2270"
"2","part",3,"9","X2270"
"2","passion",3,"9","X2270"
"2","past",2,"9","X2270"
"2","peopl",2,"9","X2270"
"2","product",1,"9","X2270"
"2","project",1,"9","X2270"
"2","put",1,"9","X2270"
"2","qualit",1,"9","X2270"
"2","rais",1,"9","X2270"
"2","rate",1,"9","X2270"
"2","realli",2,"9","X2270"
"2","record",1,"9","X2270"
"2","right",1,"9","X2270"
"2","role",1,"9","X2270"
"2","said",1,"9","X2270"
"2","see",3,"9","X2270"
"2","show",2,"9","X2270"
"2","someth",1,"9","X2270"
"2","speak",2,"9","X2270"
"2","strive",1,"9","X2270"
"2","stuff",1,"9","X2270"
"2","success",2,"9","X2270"
"2","sure",1,"9","X2270"
"2","taken",1,"9","X2270"
"2","talk",1,"9","X2270"
"2","team",2,"9","X2270"
"2","that",3,"9","X2270"
"2","thing",2,"9","X2270"
"2","think",1,"9","X2270"
"2","time",3,"9","X2270"
"2","took",1,"9","X2270"
"2","two",1,"9","X2270"
"2","wasnt",1,"9","X2270"
"2","well",5,"9","X2270"
"2","whatev",1,"9","X2270"
"2","whether",3,"9","X2270"
"2","whole",1,"9","X2270"
"2","will",2,"9","X2270"
"2","won",1,"9","X2270"
"2","work",4,"9","X2270"
"2","worker",2,"9","X2270"
"2","yeah",1,"9","X2270"
"2","year",1,"9","X2270"
"3","anyth",1,"9","X2270"
"3","appreci",1,"9","X2270"
"3","back",1,"9","X2270"
"3","bit",2,"9","X2270"
"3","budget",1,"9","X2270"
"3","can",1,"9","X2270"
"3","compani",3,"9","X2270"
"3","contract",1,"9","X2270"
"3","cours",1,"9","X2270"
"3","earlier",1,"9","X2270"
"3","earn",1,"9","X2270"
"3","end",1,"9","X2270"
"3","four",1,"9","X2270"
"3","happen",1,"9","X2270"
"3","hard",1,"9","X2270"
"3","incent",1,"9","X2270"
"3","inequ",1,"9","X2270"
"3","invest",1,"9","X2270"
"3","leeway",2,"9","X2270"
"3","like",2,"9","X2270"
"3","littl",2,"9","X2270"
"3","love",1,"9","X2270"
"3","much",1,"9","X2270"
"3","number",1,"9","X2270"
"3","promis",1,"9","X2270"
"3","put",1,"9","X2270"
"3","said",2,"9","X2270"
"3","sinc",1,"9","X2270"
"3","spend",1,"9","X2270"
"3","three",1,"9","X2270"
"3","time",2,"9","X2270"
"3","twice",1,"9","X2270"
"3","will",2,"9","X2270"
"3","work",2,"9","X2270"
"4","along",1,"9","X2270"
"4","answer",1,"9","X2270"
"4","award",1,"9","X2270"
"4","away",1,"9","X2270"
"4","behalf",1,"9","X2270"
"4","believ",1,"9","X2270"
"4","better",1,"9","X2270"
"4","can",4,"9","X2270"
"4","cant",1,"9","X2270"
"4","compani",2,"9","X2270"
"4","direct",1,"9","X2270"
"4","done",1,"9","X2270"
"4","earlier",1,"9","X2270"
"4","earn",1,"9","X2270"
"4","effort",1,"9","X2270"
"4","employe",2,"9","X2270"
"4","even",2,"9","X2270"
"4","fill",1,"9","X2270"
"4","fold",1,"9","X2270"
"4","grow",1,"9","X2270"
"4","higher",1,"9","X2270"
"4","highest",1,"9","X2270"
"4","incentiv",1,"9","X2270"
"4","ive",4,"9","X2270"
"4","last",1,"9","X2270"
"4","like",1,"9","X2270"
"4","make",1,"9","X2270"
"4","manag",2,"9","X2270"
"4","month",1,"9","X2270"
"4","need",1,"9","X2270"
"4","number",2,"9","X2270"
"4","numer",2,"9","X2270"
"4","offic",1,"9","X2270"
"4","one",1,"9","X2270"
"4","part",2,"9","X2270"
"4","passion",1,"9","X2270"
"4","peopl",2,"9","X2270"
"4","product",1,"9","X2270"
"4","put",1,"9","X2270"
"4","qualit",1,"9","X2270"
"4","rais",1,"9","X2270"
"4","rate",1,"9","X2270"
"4","realli",2,"9","X2270"
"4","right",1,"9","X2270"
"4","said",1,"9","X2270"
"4","see",3,"9","X2270"
"4","show",1,"9","X2270"
"4","speak",1,"9","X2270"
"4","stuff",1,"9","X2270"
"4","success",2,"9","X2270"
"4","sure",1,"9","X2270"
"4","that",2,"9","X2270"
"4","time",2,"9","X2270"
"4","two",1,"9","X2270"
"4","well",2,"9","X2270"
"4","whatev",1,"9","X2270"
"4","whether",3,"9","X2270"
"4","won",1,"9","X2270"
"4","work",2,"9","X2270"
"4","worker",1,"9","X2270"
"4","year",1,"9","X2270"
"5","much",1,"9","X2270"
"5","thank",2,"9","X2270"
"1","compani",1,"11","X2303"
"1","current",1,"11","X2303"
"1","discuss",2,"11","X2303"
"1","hello",1,"11","X2303"
"1","hope",1,"11","X2303"
"1","increas",1,"11","X2303"
"1","moment",1,"11","X2303"
"1","potenti",1,"11","X2303"
"1","salari",1,"11","X2303"
"1","status",1,"11","X2303"
"1","talk",1,"11","X2303"
"1","well",1,"11","X2303"
"1","wonder",2,"11","X2303"
"2","busi",1,"11","X2303"
"2","call",1,"11","X2303"
"2","care",1,"11","X2303"
"2","compani",3,"11","X2303"
"2","continu",1,"11","X2303"
"2","cours",1,"11","X2303"
"2","creat",1,"11","X2303"
"2","current",1,"11","X2303"
"2","dedic",2,"11","X2303"
"2","deserv",1,"11","X2303"
"2","discuss",2,"11","X2303"
"2","give",1,"11","X2303"
"2","greater",1,"11","X2303"
"2","hope",1,"11","X2303"
"2","increas",4,"11","X2303"
"2","involv",3,"11","X2303"
"2","ive",2,"11","X2303"
"2","job",1,"11","X2303"
"2","level",1,"11","X2303"
"2","like",1,"11","X2303"
"2","mind",1,"11","X2303"
"2","much",1,"11","X2303"
"2","multipl",1,"11","X2303"
"2","part",1,"11","X2303"
"2","past",1,"11","X2303"
"2","person",1,"11","X2303"
"2","posit",2,"11","X2303"
"2","potenti",1,"11","X2303"
"2","project",1,"11","X2303"
"2","provid",1,"11","X2303"
"2","role",1,"11","X2303"
"2","salari",3,"11","X2303"
"2","show",1,"11","X2303"
"2","status",1,"11","X2303"
"2","success",2,"11","X2303"
"2","thing",1,"11","X2303"
"2","think",7,"11","X2303"
"2","three",1,"11","X2303"
"2","today",1,"11","X2303"
"2","togeth",1,"11","X2303"
"2","understand",1,"11","X2303"
"2","well",3,"11","X2303"
"2","weve",1,"11","X2303"
"2","will",1,"11","X2303"
"2","wonder",1,"11","X2303"
"2","work",3,"11","X2303"
"2","year",1,"11","X2303"
"3","also",1,"11","X2303"
"3","certain",1,"11","X2303"
"3","choos",1,"11","X2303"
"3","commit",3,"11","X2303"
"3","compani",1,"11","X2303"
"3","compens",1,"11","X2303"
"3","forward",2,"11","X2303"
"3","goal",1,"11","X2303"
"3","good",1,"11","X2303"
"3","increas",1,"11","X2303"
"3","indic",1,"11","X2303"
"3","job",1,"11","X2303"
"3","level",3,"11","X2303"
"3","like",2,"11","X2303"
"3","look",1,"11","X2303"
"3","move",2,"11","X2303"
"3","need",1,"11","X2303"
"3","passport",1,"11","X2303"
"3","pay",1,"11","X2303"
"3","posit",1,"11","X2303"
"3","profession",1,"11","X2303"
"3","reason",1,"11","X2303"
"3","recogn",1,"11","X2303"
"3","regardless",1,"11","X2303"
"3","right",1,"11","X2303"
"3","see",1,"11","X2303"
"3","step",1,"11","X2303"
"3","take",1,"11","X2303"
"3","that",1,"11","X2303"
"3","think",5,"11","X2303"
"3","today",1,"11","X2303"
"3","tomorrow",1,"11","X2303"
"3","well",1,"11","X2303"
"3","will",1,"11","X2303"
"3","without",1,"11","X2303"
"3","work",2,"11","X2303"
"3","yeah",1,"11","X2303"
"4","also",1,"11","X2303"
"4","complet",1,"11","X2303"
"4","like",1,"11","X2303"
"4","take",1,"11","X2303"
"4","talk",1,"11","X2303"
"4","thank",1,"11","X2303"
"4","time",1,"11","X2303"
"4","understand",1,"11","X2303"
"4","well",1,"11","X2303"
"4","yeah",1,"11","X2303"
"5","addit",1,"11","X2303"
"5","ask",1,"11","X2303"
"5","blind",1,"11","X2303"
"5","certain",1,"11","X2303"
"5","commit",1,"11","X2303"
"5","cours",1,"11","X2303"
"5","dedic",1,"11","X2303"
"5","ethicand",1,"11","X2303"
"5","indic",1,"11","X2303"
"5","invest",1,"11","X2303"
"5","just",1,"11","X2303"
"5","know",2,"11","X2303"
"5","load",1,"11","X2303"
"5","prove",1,"11","X2303"
"5","rais",1,"11","X2303"
"5","show",2,"11","X2303"
"5","showcas",1,"11","X2303"
"5","take",1,"11","X2303"
"5","think",1,"11","X2303"
"5","truli",1,"11","X2303"
"5","well",1,"11","X2303"
"5","will",2,"11","X2303"
"5","work",2,"11","X2303"
"5","worthwhil",1,"11","X2303"
"5","yeah",1,"11","X2303"
"1","convers",1,"10","X3306"
"1","hey",1,"10","X3306"
"1","hope",1,"10","X3306"
"1","how√",1,"10","X3306"
"1","increas",1,"10","X3306"
"1","open",1,"10","X3306"
"1","potenti",1,"10","X3306"
"1","salari",1,"10","X3306"
"2","applic",1,"10","X3306"
"2","appreci",2,"10","X3306"
"2","can",1,"10","X3306"
"2","compani",1,"10","X3306"
"2","fill",1,"10","X3306"
"2","mine",1,"10","X3306"
"2","okay",1,"10","X3306"
"2","one",1,"10","X3306"
"2","posit",1,"10","X3306"
"2","put",1,"10","X3306"
"2","realli",1,"10","X3306"
"2","recogn",1,"10","X3306"
"2","refer",1,"10","X3306"
"2","step",1,"10","X3306"
"2","supervisor",1,"10","X3306"
"2","system",1,"10","X3306"
"2","time",1,"10","X3306"
"2","understand",1,"10","X3306"
"2","valu",1,"10","X3306"
"2","will",1,"10","X3306"
"3","accord",1,"10","X3306"
"3","award",1,"10","X3306"
"3","base",1,"10","X3306"
"3","believ",1,"10","X3306"
"3","china",1,"10","X3306"
"3","compani",2,"10","X3306"
"3","compens",1,"10","X3306"
"3","convers",1,"10","X3306"
"3","current",2,"10","X3306"
"3","dedic",1,"10","X3306"
"3","earn",1,"10","X3306"
"3","employe",1,"10","X3306"
"3","exceed",1,"10","X3306"
"3","fill",1,"10","X3306"
"3","higher",1,"10","X3306"
"3","highest",1,"10","X3306"
"3","hope",1,"10","X3306"
"3","increas",2,"10","X3306"
"3","ive",2,"10","X3306"
"3","job",1,"10","X3306"
"3","manag",1,"10","X3306"
"3","month",1,"10","X3306"
"3","move",1,"10","X3306"
"3","numer",1,"10","X3306"
"3","open",1,"10","X3306"
"3","past",1,"10","X3306"
"3","posit",1,"10","X3306"
"3","potenti",1,"10","X3306"
"3","product",1,"10","X3306"
"3","rate",1,"10","X3306"
"3","requir",1,"10","X3306"
"3","salari",2,"10","X3306"
"3","sever",1,"10","X3306"
"3","show",1,"10","X3306"
"3","therefor",1,"10","X3306"
"3","time",1,"10","X3306"
"3","tri",1,"10","X3306"
"3","won",1,"10","X3306"
"3","work",1,"10","X3306"
"3","year",1,"10","X3306"
"4","approach",1,"10","X3306"
"4","chanc",1,"10","X3306"
"4","direct",1,"10","X3306"
"4","done",1,"10","X3306"
"4","expedit",1,"10","X3306"
"4","get",1,"10","X3306"
"4","hope",1,"10","X3306"
"4","increas",1,"10","X3306"
"4","pay",1,"10","X3306"
"4","potenti",1,"10","X3306"
"4","process",1,"10","X3306"
"4","rais",1,"10","X3306"
"4","yet",1,"10","X3306"
"5","can",1,"10","X3306"
"5","compani",7,"10","X3306"
"5","compens",1,"10","X3306"
"5","dedic",1,"10","X3306"
"5","futur",1,"10","X3306"
"5","help",1,"10","X3306"
"5","howev",2,"10","X3306"
"5","like",3,"10","X3306"
"5","look",1,"10","X3306"
"5","might",1,"10","X3306"
"5","moment",3,"10","X3306"
"5","move",1,"10","X3306"
"5","near",1,"10","X3306"
"5","offer",1,"10","X3306"
"5","potenti",1,"10","X3306"
"5","provid",1,"10","X3306"
"5","recogn",1,"10","X3306"
"5","see",1,"10","X3306"
"5","stay",1,"10","X3306"
"5","still",2,"10","X3306"
"5","succeed",2,"10","X3306"
"5","understand",2,"10","X3306"
"5","valu",1,"10","X3306"
"5","want",2,"10","X3306"
"5","whatev",1,"10","X3306"
"5","work",1,"10","X3306"
"6","okay",1,"10","X3306"
"6","will",1,"10","X3306"
"6","work",1,"10","X3306"
"7","exercis",1,"10","X3306"
"7","help",1,"10","X3306"
"7","will",1,"10","X3306"
"1","actual",1,"10","X4213"
"1","convers",1,"10","X4213"
"1","discuss",1,"10","X4213"
"1","hope",1,"10","X4213"
"1","increas",1,"10","X4213"
"1","just",1,"10","X4213"
"1","potenti",1,"10","X4213"
"1","salari",1,"10","X4213"
"1","sir",1,"10","X4213"
"1","someth",1,"10","X4213"
"1","want",1,"10","X4213"
"2","back",1,"10","X4213"
"2","charg",1,"10","X4213"
"2","coupl",1,"10","X4213"
"2","definit",1,"10","X4213"
"2","eventu",1,"10","X4213"
"2","impress",1,"10","X4213"
"2","ive",1,"10","X4213"
"2","manag",1,"10","X4213"
"2","month",1,"10","X4213"
"2","one",1,"10","X4213"
"2","past",1,"10","X4213"
"2","show",1,"10","X4213"
"2","think",1,"10","X4213"
"2","thought",1,"10","X4213"
"2","upper",1,"10","X4213"
"2","work",1,"10","X4213"
"3","assign",1,"10","X4213"
"3","brought",1,"10","X4213"
"3","busi",1,"10","X4213"
"3","compani",2,"10","X4213"
"3","done",1,"10","X4213"
"3","extra",1,"10","X4213"
"3","good",1,"10","X4213"
"3","ive",2,"10","X4213"
"3","led",1,"10","X4213"
"3","lot",3,"10","X4213"
"3","mani",1,"10","X4213"
"3","project",1,"10","X4213"
"3","right",1,"10","X4213"
"3","taken",1,"10","X4213"
"3","thing",1,"10","X4213"
"3","work",1,"10","X4213"
"4","back",1,"10","X4213"
"4","believ",1,"10","X4213"
"4","charg",1,"10","X4213"
"4","complet",1,"10","X4213"
"4","coupl",1,"10","X4213"
"4","decis",1,"10","X4213"
"4","definit",2,"10","X4213"
"4","deserv",2,"10","X4213"
"4","end",2,"10","X4213"
"4","entir",1,"10","X4213"
"4","evalu",1,"10","X4213"
"4","eventu",1,"10","X4213"
"4","formal",1,"10","X4213"
"4","guess",1,"10","X4213"
"4","impress",1,"10","X4213"
"4","ive",1,"10","X4213"
"4","love",1,"10","X4213"
"4","manag",1,"10","X4213"
"4","month",1,"10","X4213"
"4","one",1,"10","X4213"
"4","past",1,"10","X4213"
"4","pay",1,"10","X4213"
"4","person",1,"10","X4213"
"4","pitch",1,"10","X4213"
"4","process",3,"10","X4213"
"4","rais",1,"10","X4213"
"4","right",1,"10","X4213"
"4","show",1,"10","X4213"
"4","that",1,"10","X4213"
"4","there",1,"10","X4213"
"4","think",4,"10","X4213"
"4","thought",1,"10","X4213"
"4","understand",3,"10","X4213"
"4","upper",1,"10","X4213"
"4","will",1,"10","X4213"
"4","work",1,"10","X4213"
"4","wouldn√",1,"10","X4213"
"5","abl",1,"10","X4213"
"5","activ",1,"10","X4213"
"5","affect",1,"10","X4213"
"5","believ",1,"10","X4213"
"5","commit",2,"10","X4213"
"5","compani",4,"10","X4213"
"5","complet",1,"10","X4213"
"5","decis",1,"10","X4213"
"5","deserv",1,"10","X4213"
"5","dont",1,"10","X4213"
"5","end",1,"10","X4213"
"5","get",1,"10","X4213"
"5","ive",1,"10","X4213"
"5","level",1,"10","X4213"
"5","look",1,"10","X4213"
"5","love",1,"10","X4213"
"5","obvious",1,"10","X4213"
"5","past",1,"10","X4213"
"5","pay",2,"10","X4213"
"5","person",1,"10","X4213"
"5","pitch",1,"10","X4213"
"5","primarili",1,"10","X4213"
"5","rais",2,"10","X4213"
"5","stay",1,"10","X4213"
"5","think",3,"10","X4213"
"5","three",1,"10","X4213"
"5","tri",1,"10","X4213"
"5","understand",1,"10","X4213"
"5","well",1,"10","X4213"
"5","whether",1,"10","X4213"
"5","will",1,"10","X4213"
"5","work",1,"10","X4213"
"5","wouldn√",1,"10","X4213"
"5","year",2,"10","X4213"
"5","yes",1,"10","X4213"
"6","listen",1,"10","X4213"
"6","make",1,"10","X4213"
"6","much",1,"10","X4213"
"6","pay",1,"10","X4213"
"6","potenti",1,"10","X4213"
"6","process",1,"10","X4213"
"6","rais",1,"10","X4213"
"6","sure",1,"10","X4213"
"6","take",1,"10","X4213"
"6","thank",1,"10","X4213"
"6","time",1,"10","X4213"
"6","will",1,"10","X4213"
"1","alway",1,"12","X8458"
"1","anyth",1,"12","X8458"
"1","appropri",1,"12","X8458"
"1","boss",1,"12","X8458"
"1","doubt",1,"12","X8458"
"1","feel",1,"12","X8458"
"1","give",1,"12","X8458"
"1","good",1,"12","X8458"
"1","ive",1,"12","X8458"
"1","know",1,"12","X8458"
"1","leav",1,"12","X8458"
"1","less",1,"12","X8458"
"1","look",1,"12","X8458"
"1","meet",1,"12","X8458"
"1","person",1,"12","X8458"
"1","reason",1,"12","X8458"
"1","someth",2,"12","X8458"
"1","straight",1,"12","X8458"
"1","talk",1,"12","X8458"
"1","thank",1,"12","X8458"
"1","think",3,"12","X8458"
"1","time",1,"12","X8458"
"1","told",1,"12","X8458"
"1","valuabl",1,"12","X8458"
"1","want",1,"12","X8458"
"1","youv",1,"12","X8458"
"2","accolad",1,"12","X8458"
"2","bit",1,"12","X8458"
"2","compani",1,"12","X8458"
"2","fair",1,"12","X8458"
"2","hard",2,"12","X8458"
"2","higher",2,"12","X8458"
"2","just",4,"12","X8458"
"2","know",2,"12","X8458"
"2","let",1,"12","X8458"
"2","littl",1,"12","X8458"
"2","look",1,"12","X8458"
"2","mayb",2,"12","X8458"
"2","move",1,"12","X8458"
"2","past",1,"12","X8458"
"2","point",1,"12","X8458"
"2","rank",1,"12","X8458"
"2","realli",1,"12","X8458"
"2","receiv",1,"12","X8458"
"2","recogn",1,"12","X8458"
"2","reward",1,"12","X8458"
"2","serv",1,"12","X8458"
"2","somebodi",1,"12","X8458"
"2","someth",1,"12","X8458"
"2","think",4,"12","X8458"
"2","time",1,"12","X8458"
"2","wage",1,"12","X8458"
"2","well",1,"12","X8458"
"2","whos",1,"12","X8458"
"2","work",2,"12","X8458"
"2","year",1,"12","X8458"
"3","actual",1,"12","X8458"
"3","come",1,"12","X8458"
"3","definit",2,"12","X8458"
"3","far",1,"12","X8458"
"3","fill",1,"12","X8458"
"3","form",1,"12","X8458"
"3","higher",2,"12","X8458"
"3","interest",1,"12","X8458"
"3","it√",1,"12","X8458"
"3","just",2,"12","X8458"
"3","level",2,"12","X8458"
"3","make",1,"12","X8458"
"3","mayb",1,"12","X8458"
"3","offici",1,"12","X8458"
"3","one",2,"12","X8458"
"3","person",1,"12","X8458"
"3","sens",1,"12","X8458"
"3","someth",1,"12","X8458"
"3","talk",1,"12","X8458"
"3","that",1,"12","X8458"
"3","think",2,"12","X8458"
"3","total",1,"12","X8458"
"3","valu",1,"12","X8458"
"3","will",1,"12","X8458"
"4","convers",1,"12","X8458"
"4","day",1,"12","X8458"
"4","good",1,"12","X8458"
"4","question",1,"12","X8458"
"4","that",1,"12","X8458"
"4","two",1,"12","X8458"
"5","chang",1,"12","X8458"
"5","come",1,"12","X8458"
"5","continu",1,"12","X8458"
"5","explor",1,"12","X8458"
"5","first",1,"12","X8458"
"5","like",1,"12","X8458"
"5","littl",1,"12","X8458"
"5","loyal",1,"12","X8458"
"5","need",1,"12","X8458"
"5","option",1,"12","X8458"
"5","pretti",1,"12","X8458"
"5","remain",1,"12","X8458"
"5","say",1,"12","X8458"
"5","stand",1,"12","X8458"
"5","that√",1,"12","X8458"
"5","think",1,"12","X8458"
"5","usual",1,"12","X8458"
"5","want",1,"12","X8458"
"5","work",1,"12","X8458"
"6","definit",1,"12","X8458"
"6","give",1,"12","X8458"
"6","littl",1,"12","X8458"
"6","respons",1,"12","X8458"
"6","see",1,"12","X8458"
"6","take",1,"12","X8458"
"6","think",1,"12","X8458"
"6","tri",1,"12","X8458"
"6","word",1,"12","X8458"
"6","yes",1,"12","X8458"
"6","your",1,"12","X8458"
"1","author",1,"11","X4444"
"1","boss",1,"11","X4444"
"1","consid",1,"11","X4444"
"1","give",1,"11","X4444"
"1","just",1,"11","X4444"
"1","know",1,"11","X4444"
"1","pay",1,"11","X4444"
"1","rais",1,"11","X4444"
"1","sinc",1,"11","X4444"
"1","well",1,"11","X4444"
"1","your",1,"11","X4444"
"2","abl",1,"11","X4444"
"2","assign",1,"11","X4444"
"2","base",1,"11","X4444"
"2","boss",1,"11","X4444"
"2","came",1,"11","X4444"
"2","display",1,"11","X4444"
"2","ethic",1,"11","X4444"
"2","excel",1,"11","X4444"
"2","get",1,"11","X4444"
"2","good",1,"11","X4444"
"2","grate",1,"11","X4444"
"2","havent",1,"11","X4444"
"2","ive",1,"11","X4444"
"2","just",1,"11","X4444"
"2","leadership",1,"11","X4444"
"2","lot",1,"11","X4444"
"2","past",1,"11","X4444"
"2","pay",2,"11","X4444"
"2","potenti",1,"11","X4444"
"2","problem",1,"11","X4444"
"2","rais",2,"11","X4444"
"2","realli",3,"11","X4444"
"2","say",1,"11","X4444"
"2","sir",1,"11","X4444"
"2","talk",1,"11","X4444"
"2","thing",1,"11","X4444"
"2","think",2,"11","X4444"
"2","three",1,"11","X4444"
"2","use",1,"11","X4444"
"2","want",1,"11","X4444"
"2","work",2,"11","X4444"
"2","year",1,"11","X4444"
"3","approv",1,"11","X4444"
"3","behalf",1,"11","X4444"
"3","case",1,"11","X4444"
"3","speak",1,"11","X4444"
"3","think",1,"11","X4444"
"4","compet",1,"11","X4444"
"4","competit",1,"11","X4444"
"4","els",1,"11","X4444"
"4","hard",1,"11","X4444"
"4","know",2,"11","X4444"
"4","long",1,"11","X4444"
"4","manag",1,"11","X4444"
"4","okay",1,"11","X4444"
"4","pay",1,"11","X4444"
"4","rais",1,"11","X4444"
"4","realli",1,"11","X4444"
"4","recommend",1,"11","X4444"
"4","said",1,"11","X4444"
"4","think",2,"11","X4444"
"4","upper",1,"11","X4444"
"4","way",1,"11","X4444"
"4","work",1,"11","X4444"
"5","approv",1,"11","X4444"
"5","ask",1,"11","X4444"
"5","back",1,"11","X4444"
"5","come",1,"11","X4444"
"5","connect",1,"11","X4444"
"5","dont",1,"11","X4444"
"5","infring",1,"11","X4444"
"5","job",1,"11","X4444"
"5","just",1,"11","X4444"
"5","know",2,"11","X4444"
"5","like",1,"11","X4444"
"5","manag",1,"11","X4444"
"5","much",1,"11","X4444"
"5","possibl",1,"11","X4444"
"5","pursu",1,"11","X4444"
"5","still",1,"11","X4444"
"5","think",1,"11","X4444"
"5","upper",1,"11","X4444"
"5","want",1,"11","X4444"
"5","your",1,"11","X4444"
"6","don√",1,"11","X4444"
"6","see",1,"11","X4444"
"6","sir",1,"11","X4444"
"6","thank",2,"11","X4444"
"1","believ",1,"5","X9513"
"1","compani",1,"5","X9513"
"1","deserv",1,"5","X9513"
"1","good",1,"5","X9513"
"1","mistreat",1,"5","X9513"
"1","overlook",1,"5","X9513"
"1","rais",1,"5","X9513"
"1","talk",1,"5","X9513"
"1","want",1,"5","X9513"
"2","appreci",1,"5","X9513"
"2","budget",1,"5","X9513"
"2","keep",1,"5","X9513"
"2","mind",1,"5","X9513"
"2","next",1,"5","X9513"
"2","recreat",1,"5","X9513"
"2","thought",1,"5","X9513"
"2","year",1,"5","X9513"
"3","assign",1,"5","X9513"
"3","brought",1,"5","X9513"
"3","busi",1,"5","X9513"
"3","compani",2,"5","X9513"
"3","done",1,"5","X9513"
"3","extra",1,"5","X9513"
"3","ive",1,"5","X9513"
"3","lead",1,"5","X9513"
"3","lot",3,"5","X9513"
"3","mani",1,"5","X9513"
"3","project",1,"5","X9513"
"3","taken",1,"5","X9513"
"3","thing",1,"5","X9513"
"3","work",1,"5","X9513"
"4","also",1,"5","X9513"
"4","attest",1,"5","X9513"
"4","base",1,"5","X9513"
"4","believ",2,"5","X9513"
"4","beyond",1,"5","X9513"
"4","brought",1,"5","X9513"
"4","can",2,"5","X9513"
"4","compani",1,"5","X9513"
"4","contact",1,"5","X9513"
"4","coupl",1,"5","X9513"
"4","deserv",1,"5","X9513"
"4","employe",1,"5","X9513"
"4","gone",1,"5","X9513"
"4","impress",1,"5","X9513"
"4","ive",1,"5","X9513"
"4","lot",2,"5","X9513"
"4","month",1,"5","X9513"
"4","past",1,"5","X9513"
"4","peopl",1,"5","X9513"
"4","prefer",1,"5","X9513"
"4","put",1,"5","X9513"
"4","rais",1,"5","X9513"
"4","role",1,"5","X9513"
"4","show",1,"5","X9513"
"4","success",1,"5","X9513"
"4","think",1,"5","X9513"
"4","three",1,"5","X9513"
"4","will",1,"5","X9513"
"4","word",1,"5","X9513"
"4","work",2,"5","X9513"
"4","yeah",1,"5","X9513"
"4","year",1,"5","X9513"
"5","abl",1,"5","X9513"
"5","better",1,"5","X9513"
"5","bring",1,"5","X9513"
"5","compani",1,"5","X9513"
"5","control",1,"5","X9513"
"5","divis",1,"5","X9513"
"5","employe",1,"5","X9513"
"5","futur",2,"5","X9513"
"5","higher",1,"5","X9513"
"5","hope",1,"5","X9513"
"5","manageri",1,"5","X9513"
"5","outlook",1,"5","X9513"
"5","role",1,"5","X9513"
"5","success",1,"5","X9513"
"5","will",1,"5","X9513"
"6","alreadi",1,"5","X9513"
"6","beyond",1,"5","X9513"
"6","duti",1,"5","X9513"
"6","lot",1,"5","X9513"
"6","requir",1,"5","X9513"
"6","will",1,"5","X9513"
"6","work",1,"5","X9513"
"1","convers",1,"8","X4753"
"1","discuss",1,"8","X4753"
"1","good",1,"8","X4753"
"1","increas",1,"8","X4753"
"1","just",2,"8","X4753"
"1","morn",1,"8","X4753"
"1","much",1,"8","X4753"
"1","noth",1,"8","X4753"
"1","open",1,"8","X4753"
"1","potenti",1,"8","X4753"
"1","realli",1,"8","X4753"
"1","salari",1,"8","X4753"
"1","simpl",1,"8","X4753"
"1","sir",1,"8","X4753"
"1","someth",1,"8","X4753"
"1","talk",1,"8","X4753"
"1","think",1,"8","X4753"
"1","want",2,"8","X4753"
"2","abl",1,"8","X4753"
"2","also",2,"8","X4753"
"2","amaz",1,"8","X4753"
"2","assign",1,"8","X4753"
"2","best",1,"8","X4753"
"2","bring",1,"8","X4753"
"2","busi",1,"8","X4753"
"2","can",1,"8","X4753"
"2","career",1,"8","X4753"
"2","close",1,"8","X4753"
"2","compani",2,"8","X4753"
"2","cours",1,"8","X4753"
"2","develop",1,"8","X4753"
"2","extra",1,"8","X4753"
"2","give",1,"8","X4753"
"2","grow",1,"8","X4753"
"2","ive",1,"8","X4753"
"2","just",1,"8","X4753"
"2","know",1,"8","X4753"
"2","lead",1,"8","X4753"
"2","like",1,"8","X4753"
"2","lot",2,"8","X4753"
"2","mani",1,"8","X4753"
"2","move",1,"8","X4753"
"2","much",1,"8","X4753"
"2","necessari",1,"8","X4753"
"2","opportun",1,"8","X4753"
"2","past",1,"8","X4753"
"2","project",1,"8","X4753"
"2","realli",1,"8","X4753"
"2","sinc",1,"8","X4753"
"2","taken",1,"8","X4753"
"2","thank",1,"8","X4753"
"2","three",1,"8","X4753"
"2","well",1,"8","X4753"
"2","what",1,"8","X4753"
"2","work",3,"8","X4753"
"2","year",1,"8","X4753"
"2","yes",1,"8","X4753"
"3","abl",1,"8","X4753"
"3","almost",1,"8","X4753"
"3","alway",1,"8","X4753"
"3","anyon",1,"8","X4753"
"3","appli",1,"8","X4753"
"3","approv",1,"8","X4753"
"3","ask",1,"8","X4753"
"3","award",1,"8","X4753"
"3","beyond",1,"8","X4753"
"3","busi",1,"8","X4753"
"3","can",1,"8","X4753"
"3","close",1,"8","X4753"
"3","compani",1,"8","X4753"
"3","complet",1,"8","X4753"
"3","done",1,"8","X4753"
"3","employ",1,"8","X4753"
"3","expand",1,"8","X4753"
"3","fifteen",1,"8","X4753"
"3","full",1,"8","X4753"
"3","get",2,"8","X4753"
"3","gone",1,"8","X4753"
"3","good",1,"8","X4753"
"3","got",1,"8","X4753"
"3","grow",1,"8","X4753"
"3","hard",1,"8","X4753"
"3","hope",1,"8","X4753"
"3","ive",1,"8","X4753"
"3","kind",1,"8","X4753"
"3","like",1,"8","X4753"
"3","mean",1,"8","X4753"
"3","month",1,"8","X4753"
"3","never",1,"8","X4753"
"3","now",1,"8","X4753"
"3","obvious",1,"8","X4753"
"3","offic",1,"8","X4753"
"3","percent",1,"8","X4753"
"3","place",1,"8","X4753"
"3","rais",2,"8","X4753"
"3","reason",2,"8","X4753"
"3","said",1,"8","X4753"
"3","see",2,"8","X4753"
"3","seen",1,"8","X4753"
"3","specif",2,"8","X4753"
"3","talk",1,"8","X4753"
"3","that",1,"8","X4753"
"3","theyv",1,"8","X4753"
"3","think",1,"8","X4753"
"3","three",1,"8","X4753"
"3","twenti",1,"8","X4753"
"3","want",1,"8","X4753"
"3","work",4,"8","X4753"
"3","year",2,"8","X4753"
"4","also",1,"8","X4753"
"4","astray",1,"8","X4753"
"4","channel",1,"8","X4753"
"4","compani",1,"8","X4753"
"4","continu",1,"8","X4753"
"4","cours",1,"8","X4753"
"4","even",1,"8","X4753"
"4","everyth",1,"8","X4753"
"4","expedit",1,"8","X4753"
"4","feel",1,"8","X4753"
"4","fight",1,"8","X4753"
"4","help",1,"8","X4753"
"4","hope",1,"8","X4753"
"4","import",1,"8","X4753"
"4","influenc",1,"8","X4753"
"4","ive",1,"8","X4753"
"4","just",3,"8","X4753"
"4","kind",4,"8","X4753"
"4","led",1,"8","X4753"
"4","level",1,"8","X4753"
"4","like",5,"8","X4753"
"4","much",1,"8","X4753"
"4","normal",1,"8","X4753"
"4","nowher",1,"8","X4753"
"4","obvious",3,"8","X4753"
"4","one",1,"8","X4753"
"4","past",1,"8","X4753"
"4","process",2,"8","X4753"
"4","rest",1,"8","X4753"
"4","seen",2,"8","X4753"
"4","sinc",1,"8","X4753"
"4","thing",1,"8","X4753"
"4","though",1,"8","X4753"
"4","thought",1,"8","X4753"
"4","tri",1,"8","X4753"
"4","well",1,"8","X4753"
"4","weve",1,"8","X4753"
"4","work",1,"8","X4753"
"4","year",1,"8","X4753"
"4","yes",1,"8","X4753"
"4","your",1,"8","X4753"
"4","youv",1,"8","X4753"
"5","anoth",1,"8","X4753"
"5","best",1,"8","X4753"
"5","career",1,"8","X4753"
"5","china",1,"8","X4753"
"5","come",1,"8","X4753"
"5","compani",3,"8","X4753"
"5","continu",1,"8","X4753"
"5","get",1,"8","X4753"
"5","goal",1,"8","X4753"
"5","grow",2,"8","X4753"
"5","help",2,"8","X4753"
"5","jump",1,"8","X4753"
"5","kind",1,"8","X4753"
"5","move",1,"8","X4753"
"5","obvious",1,"8","X4753"
"5","offic",1,"8","X4753"
"5","one",1,"8","X4753"
"5","plan",1,"8","X4753"
"5","stick",1,"8","X4753"
"5","use",1,"8","X4753"
"5","want",1,"8","X4753"
"5","wasnt",1,"8","X4753"
"5","well",1,"8","X4753"
"5","work",1,"8","X4753"
"6","anyth",2,"8","X4753"
"6","bring",1,"8","X4753"
"6","compani",1,"8","X4753"
"6","cos",1,"8","X4753"
"6","cours",1,"8","X4753"
"6","done",1,"8","X4753"
"6","experi",1,"8","X4753"
"6","expertis",1,"8","X4753"
"6","great",1,"8","X4753"
"6","grow",1,"8","X4753"
"6","help",2,"8","X4753"
"6","kind",2,"8","X4753"
"6","learn",1,"8","X4753"
"6","let",1,"8","X4753"
"6","like",2,"8","X4753"
"6","much",2,"8","X4753"
"6","need",1,"8","X4753"
"6","obvious",1,"8","X4753"
"6","order",1,"8","X4753"
"6","panel",1,"8","X4753"
"6","peopl",1,"8","X4753"
"6","pretti",1,"8","X4753"
"6","readi",1,"8","X4753"
"6","repres",1,"8","X4753"
"6","show",1,"8","X4753"
"6","thing",1,"8","X4753"
"6","work",1,"8","X4753"
"6","yeah",1,"8","X4753"
"1","get",1,"9","X5132"
"1","idea",1,"9","X5132"
"1","just",1,"9","X5132"
"1","potenti",1,"9","X5132"
"1","problem",1,"9","X5132"
"1","rais",1,"9","X5132"
"1","talk",1,"9","X5132"
"1","there",1,"9","X5132"
"1","want",1,"9","X5132"
"2","alway",1,"9","X5132"
"2","appreci",1,"9","X5132"
"2","appropri",1,"9","X5132"
"2","assign",1,"9","X5132"
"2","bring",1,"9","X5132"
"2","done",1,"9","X5132"
"2","everyth",1,"9","X5132"
"2","feel",1,"9","X5132"
"2","ive",3,"9","X5132"
"2","just",1,"9","X5132"
"2","like",1,"9","X5132"
"2","long",1,"9","X5132"
"2","pay",1,"9","X5132"
"2","rais",1,"9","X5132"
"2","realli",1,"9","X5132"
"2","sure",1,"9","X5132"
"2","think",2,"9","X5132"
"2","three",1,"9","X5132"
"2","time",2,"9","X5132"
"2","valu",1,"9","X5132"
"2","well",1,"9","X5132"
"2","work",2,"9","X5132"
"2","year",1,"9","X5132"
"3","abl",1,"9","X5132"
"3","accomplish",1,"9","X5132"
"3","can",1,"9","X5132"
"3","didnt",1,"9","X5132"
"3","direct",1,"9","X5132"
"3","doesnt",1,"9","X5132"
"3","dont",1,"9","X5132"
"3","feel",1,"9","X5132"
"3","happen",2,"9","X5132"
"3","hope",1,"9","X5132"
"3","influenc",1,"9","X5132"
"3","know",1,"9","X5132"
"3","letter",1,"9","X5132"
"3","littl",1,"9","X5132"
"3","long",1,"9","X5132"
"3","manag",1,"9","X5132"
"3","mani",1,"9","X5132"
"3","mayb",1,"9","X5132"
"3","might",1,"9","X5132"
"3","need",1,"9","X5132"
"3","normal",1,"9","X5132"
"3","point",1,"9","X5132"
"3","rais",1,"9","X5132"
"3","request",1,"9","X5132"
"3","that",1,"9","X5132"
"3","time",1,"9","X5132"
"3","tri",1,"9","X5132"
"3","usual",1,"9","X5132"
"3","want",1,"9","X5132"
"3","well",1,"9","X5132"
"3","what",1,"9","X5132"
"3","write",1,"9","X5132"
"3","year",1,"9","X5132"
"3","yet",1,"9","X5132"
"3","youd",1,"9","X5132"
"4","abl",1,"9","X5132"
"4","compani",1,"9","X5132"
"4","elsewher",1,"9","X5132"
"4","like",2,"9","X5132"
"4","look",1,"9","X5132"
"4","now",1,"9","X5132"
"4","order",1,"9","X5132"
"4","pay",1,"9","X5132"
"4","rais",1,"9","X5132"
"4","realli",1,"9","X5132"
"4","recent",1,"9","X5132"
"4","right",1,"9","X5132"
"4","stay",1,"9","X5132"
"5","good",1,"9","X5132"
"5","sound",1,"9","X5132"
"1","actual",1,"10","X6544"
"1","convers",1,"10","X6544"
"1","discuss",1,"10","X6544"
"1","hope",1,"10","X6544"
"1","increas",1,"10","X6544"
"1","open",1,"10","X6544"
"1","potenti",1,"10","X6544"
"1","salari",1,"10","X6544"
"1","someth",1,"10","X6544"
"1","want",1,"10","X6544"
"2","actual",1,"10","X6544"
"2","convers",1,"10","X6544"
"2","discuss",1,"10","X6544"
"2","hope",1,"10","X6544"
"2","increas",1,"10","X6544"
"2","open",1,"10","X6544"
"2","potenti",1,"10","X6544"
"2","salari",1,"10","X6544"
"2","someth",1,"10","X6544"
"2","want",1,"10","X6544"
"3","abl",1,"10","X6544"
"3","alway",3,"10","X6544"
"3","assign",2,"10","X6544"
"3","believ",3,"10","X6544"
"3","better",1,"10","X6544"
"3","beyond",1,"10","X6544"
"3","brought",1,"10","X6544"
"3","budget",3,"10","X6544"
"3","busi",1,"10","X6544"
"3","can",4,"10","X6544"
"3","candid",1,"10","X6544"
"3","close",1,"10","X6544"
"3","compani",4,"10","X6544"
"3","coupl",1,"10","X6544"
"3","day",1,"10","X6544"
"3","done",1,"10","X6544"
"3","emul",1,"10","X6544"
"3","ethic",2,"10","X6544"
"3","even",2,"10","X6544"
"3","ever",1,"10","X6544"
"3","extra",2,"10","X6544"
"3","final",1,"10","X6544"
"3","find",1,"10","X6544"
"3","fit",1,"10","X6544"
"3","fix",2,"10","X6544"
"3","get",1,"10","X6544"
"3","gone",3,"10","X6544"
"3","good",1,"10","X6544"
"3","great",2,"10","X6544"
"3","guess",1,"10","X6544"
"3","higher",2,"10","X6544"
"3","hour",1,"10","X6544"
"3","impress",1,"10","X6544"
"3","increas",1,"10","X6544"
"3","ive",2,"10","X6544"
"3","job",2,"10","X6544"
"3","kind",1,"10","X6544"
"3","know",1,"10","X6544"
"3","leader",1,"10","X6544"
"3","learn",2,"10","X6544"
"3","led",1,"10","X6544"
"3","level",3,"10","X6544"
"3","like",9,"10","X6544"
"3","lot",4,"10","X6544"
"3","lower",1,"10","X6544"
"3","manag",2,"10","X6544"
"3","mani",1,"10","X6544"
"3","mean",1,"10","X6544"
"3","mobil",1,"10","X6544"
"3","month",1,"10","X6544"
"3","necessarili",1,"10","X6544"
"3","past",2,"10","X6544"
"3","peopl",1,"10","X6544"
"3","person",1,"10","X6544"
"3","product",1,"10","X6544"
"3","project",1,"10","X6544"
"3","rain",1,"10","X6544"
"3","rais",1,"10","X6544"
"3","rare",1,"10","X6544"
"3","resourc",1,"10","X6544"
"3","respect",1,"10","X6544"
"3","role",2,"10","X6544"
"3","salari",2,"10","X6544"
"3","say",1,"10","X6544"
"3","see",1,"10","X6544"
"3","seen",1,"10","X6544"
"3","shine",1,"10","X6544"
"3","show",2,"10","X6544"
"3","shown",1,"10","X6544"
"3","skill",1,"10","X6544"
"3","someon",1,"10","X6544"
"3","space",1,"10","X6544"
"3","speak",1,"10","X6544"
"3","strong",2,"10","X6544"
"3","take",2,"10","X6544"
"3","taken",2,"10","X6544"
"3","thing",1,"10","X6544"
"3","think",3,"10","X6544"
"3","tri",1,"10","X6544"
"3","upper",2,"10","X6544"
"3","upward",1,"10","X6544"
"3","wast",1,"10","X6544"
"3","way",1,"10","X6544"
"3","werent",1,"10","X6544"
"3","will",2,"10","X6544"
"3","work",7,"10","X6544"
"3","worker",2,"10","X6544"
"3","you√",1,"10","X6544"
"4","better",1,"10","X6544"
"4","can",1,"10","X6544"
"4","construct",1,"10","X6544"
"4","face",2,"10","X6544"
"4","feedback",1,"10","X6544"
"4","get",1,"10","X6544"
"4","improv",1,"10","X6544"
"4","interact",1,"10","X6544"
"4","just",1,"10","X6544"
"4","like",4,"10","X6544"
"4","rais",1,"10","X6544"
"4","talk",1,"10","X6544"
"4","think",1,"10","X6544"
"4","thought",1,"10","X6544"
"4","want",1,"10","X6544"
"4","workplac",1,"10","X6544"
"5","thank",1,"10","X6544"
"1","well",1,"7","X7092"
"2","abl",4,"7","X7092"
"2","accomplish",1,"7","X7092"
"2","actual",1,"7","X7092"
"2","along",1,"7","X7092"
"2","ask",1,"7","X7092"
"2","attend",1,"7","X7092"
"2","back",1,"7","X7092"
"2","behind",1,"7","X7092"
"2","busi",3,"7","X7092"
"2","can",1,"7","X7092"
"2","caus",1,"7","X7092"
"2","chanc",1,"7","X7092"
"2","day",1,"7","X7092"
"2","done",1,"7","X7092"
"2","dont",2,"7","X7092"
"2","effort",1,"7","X7092"
"2","end",1,"7","X7092"
"2","expertis",1,"7","X7092"
"2","feel",1,"7","X7092"
"2","felt",1,"7","X7092"
"2","fine",1,"7","X7092"
"2","finish",2,"7","X7092"
"2","fix",1,"7","X7092"
"2","full",1,"7","X7092"
"2","get",1,"7","X7092"
"2","good",1,"7","X7092"
"2","graduat",2,"7","X7092"
"2","great",2,"7","X7092"
"2","group",6,"7","X7092"
"2","hard",1,"7","X7092"
"2","hasnt",1,"7","X7092"
"2","havent",1,"7","X7092"
"2","help",6,"7","X7092"
"2","hope",2,"7","X7092"
"2","insight",1,"7","X7092"
"2","just",4,"7","X7092"
"2","keep",2,"7","X7092"
"2","know",2,"7","X7092"
"2","knowledg",1,"7","X7092"
"2","like",11,"7","X7092"
"2","littl",4,"7","X7092"
"2","long",1,"7","X7092"
"2","lot",4,"7","X7092"
"2","mayb",1,"7","X7092"
"2","meet",2,"7","X7092"
"2","messag",1,"7","X7092"
"2","miss",1,"7","X7092"
"2","move",1,"7","X7092"
"2","need",3,"7","X7092"
"2","notic",1,"7","X7092"
"2","now",1,"7","X7092"
"2","pass",1,"7","X7092"
"2","prepar",1,"7","X7092"
"2","probabl",1,"7","X7092"
"2","problem",1,"7","X7092"
"2","project",11,"7","X7092"
"2","put",3,"7","X7092"
"2","question",1,"7","X7092"
"2","realli",6,"7","X7092"
"2","respond",1,"7","X7092"
"2","right",1,"7","X7092"
"2","see",1,"7","X7092"
"2","senior",1,"7","X7092"
"2","shoulder",1,"7","X7092"
"2","still",1,"7","X7092"
"2","stuff",1,"7","X7092"
"2","take",2,"7","X7092"
"2","talk",1,"7","X7092"
"2","task",1,"7","X7092"
"2","team",1,"7","X7092"
"2","that",1,"7","X7092"
"2","think",7,"7","X7092"
"2","time",2,"7","X7092"
"2","tio",1,"7","X7092"
"2","tri",1,"7","X7092"
"2","want",1,"7","X7092"
"2","way",1,"7","X7092"
"2","well",1,"7","X7092"
"2","will",1,"7","X7092"
"2","wont",2,"7","X7092"
"2","work",5,"7","X7092"
"2","yeah",2,"7","X7092"
"2","youd",1,"7","X7092"
"2","your",5,"7","X7092"
"3","abl",1,"7","X7092"
"3","attack",1,"7","X7092"
"3","brain",1,"7","X7092"
"3","call",1,"7","X7092"
"3","can",2,"7","X7092"
"3","contact",1,"7","X7092"
"3","continu",1,"7","X7092"
"3","direct",1,"7","X7092"
"3","dont",1,"7","X7092"
"3","easi",1,"7","X7092"
"3","fix",1,"7","X7092"
"3","four",1,"7","X7092"
"3","help",2,"7","X7092"
"3","input",2,"7","X7092"
"3","issu",1,"7","X7092"
"3","just",1,"7","X7092"
"3","knowledg",1,"7","X7092"
"3","like",11,"7","X7092"
"3","littl",1,"7","X7092"
"3","meet",2,"7","X7092"
"3","might",2,"7","X7092"
"3","much",1,"7","X7092"
"3","nearbi",1,"7","X7092"
"3","peopl",1,"7","X7092"
"3","presenc",1,"7","X7092"
"3","problem",1,"7","X7092"
"3","project",3,"7","X7092"
"3","proper",1,"7","X7092"
"3","realli",1,"7","X7092"
"3","right",1,"7","X7092"
"3","show",1,"7","X7092"
"3","skype",1,"7","X7092"
"3","sophomor",1,"7","X7092"
"3","think",3,"7","X7092"
"3","throughout",1,"7","X7092"
"3","via",1,"7","X7092"
"3","work",1,"7","X7092"
"3","yeah",1,"7","X7092"
"3","your",2,"7","X7092"
"4","also",1,"7","X7092"
"4","assign",2,"7","X7092"
"4","can",1,"7","X7092"
"4","check",2,"7","X7092"
"4","day",1,"7","X7092"
"4","decis",1,"7","X7092"
"4","direct",2,"7","X7092"
"4","end",1,"7","X7092"
"4","final",1,"7","X7092"
"4","gave",1,"7","X7092"
"4","good",1,"7","X7092"
"4","group",1,"7","X7092"
"4","idea",1,"7","X7092"
"4","involv",1,"7","X7092"
"4","just",2,"7","X7092"
"4","leader",4,"7","X7092"
"4","like",6,"7","X7092"
"4","look",1,"7","X7092"
"4","make",3,"7","X7092"
"4","okay",1,"7","X7092"
"4","one",1,"7","X7092"
"4","pretti",1,"7","X7092"
"4","professor",1,"7","X7092"
"4","right",1,"7","X7092"
"4","role",1,"7","X7092"
"4","stay",1,"7","X7092"
"4","still",2,"7","X7092"
"4","sure",2,"7","X7092"
"4","take",1,"7","X7092"
"4","technic",1,"7","X7092"
"4","that",1,"7","X7092"
"4","think",3,"7","X7092"
"4","work",1,"7","X7092"
"4","wrong",1,"7","X7092"
"4","yeah",1,"7","X7092"
"4","your",3,"7","X7092"
"1","give",1,"12","X7405"
"1","group",1,"12","X7405"
"1","just",2,"12","X7405"
"1","project",1,"12","X7405"
"1","ran",1,"12","X7405"
"1","see",1,"12","X7405"
"1","talk",1,"12","X7405"
"1","thought",1,"12","X7405"
"1","want",2,"12","X7405"
"1","yeah",1,"12","X7405"
"2","balanc",1,"12","X7405"
"2","bit",1,"12","X7405"
"2","five",1,"12","X7405"
"2","four",1,"12","X7405"
"2","help",1,"12","X7405"
"2","just",2,"12","X7405"
"2","kind",1,"12","X7405"
"2","like",1,"12","X7405"
"2","littl",1,"12","X7405"
"2","mean",2,"12","X7405"
"2","nice",2,"12","X7405"
"2","percent",1,"12","X7405"
"2","sinc",1,"12","X7405"
"2","someth",1,"12","X7405"
"2","split",1,"12","X7405"
"2","there",1,"12","X7405"
"2","think",1,"12","X7405"
"2","twenti",1,"12","X7405"
"2","way",1,"12","X7405"
"2","workload",1,"12","X7405"
"3","abl",1,"12","X7405"
"3","account",1,"12","X7405"
"3","bit",2,"12","X7405"
"3","busi",1,"12","X7405"
"3","can",2,"12","X7405"
"3","cant",1,"12","X7405"
"3","clear",1,"12","X7405"
"3","come",1,"12","X7405"
"3","connect",1,"12","X7405"
"3","contribut",2,"12","X7405"
"3","divid",1,"12","X7405"
"3","dont",1,"12","X7405"
"3","engag",1,"12","X7405"
"3","extra",1,"12","X7405"
"3","fine",1,"12","X7405"
"3","forward",1,"12","X7405"
"3","general",1,"12","X7405"
"3","good",2,"12","X7405"
"3","great",3,"12","X7405"
"3","handl",1,"12","X7405"
"3","help",1,"12","X7405"
"3","just",4,"12","X7405"
"3","keep",1,"12","X7405"
"3","kind",2,"12","X7405"
"3","know",1,"12","X7405"
"3","least",1,"12","X7405"
"3","like",1,"12","X7405"
"3","littl",2,"12","X7405"
"3","lot",2,"12","X7405"
"3","make",2,"12","X7405"
"3","may",1,"12","X7405"
"3","mayb",3,"12","X7405"
"3","meet",5,"12","X7405"
"3","mind",1,"12","X7405"
"3","move",1,"12","X7405"
"3","note",1,"12","X7405"
"3","okay",1,"12","X7405"
"3","outsid",1,"12","X7405"
"3","realli",1,"12","X7405"
"3","research",1,"12","X7405"
"3","shoulder",1,"12","X7405"
"3","sound",1,"12","X7405"
"3","stay",1,"12","X7405"
"3","sure",1,"12","X7405"
"3","take",1,"12","X7405"
"3","talk",1,"12","X7405"
"3","task",2,"12","X7405"
"3","that",2,"12","X7405"
"3","think",3,"12","X7405"
"3","tri",1,"12","X7405"
"3","well",1,"12","X7405"
"3","work",3,"12","X7405"
"3","yeah",3,"12","X7405"
"3","your",2,"12","X7405"
"1","actual",1,"14","X7611"
"1","convers",1,"14","X7611"
"1","discuss",1,"14","X7611"
"1","hope",1,"14","X7611"
"1","increas",1,"14","X7611"
"1","open",1,"14","X7611"
"1","potenti",1,"14","X7611"
"1","salari",1,"14","X7611"
"1","sir",1,"14","X7611"
"1","someth",1,"14","X7611"
"1","want",1,"14","X7611"
"2","actual",1,"14","X7611"
"2","award",1,"14","X7611"
"2","bit",1,"14","X7611"
"2","compani",1,"14","X7611"
"2","convers",1,"14","X7611"
"2","coupl",1,"14","X7611"
"2","deserv",1,"14","X7611"
"2","despit",1,"14","X7611"
"2","discuss",1,"14","X7611"
"2","employe",1,"14","X7611"
"2","feel",1,"14","X7611"
"2","felt",1,"14","X7611"
"2","fill",1,"14","X7611"
"2","gotten",1,"14","X7611"
"2","higher",1,"14","X7611"
"2","highest",1,"14","X7611"
"2","hope",1,"14","X7611"
"2","increas",1,"14","X7611"
"2","ive",2,"14","X7611"
"2","kind",1,"14","X7611"
"2","last",1,"14","X7611"
"2","like",2,"14","X7611"
"2","littl",1,"14","X7611"
"2","manag",1,"14","X7611"
"2","mean",1,"14","X7611"
"2","month",1,"14","X7611"
"2","numer",1,"14","X7611"
"2","offic",1,"14","X7611"
"2","open",1,"14","X7611"
"2","past",1,"14","X7611"
"2","potenti",1,"14","X7611"
"2","product",1,"14","X7611"
"2","rais",1,"14","X7611"
"2","rate",1,"14","X7611"
"2","realli",1,"14","X7611"
"2","salari",1,"14","X7611"
"2","sir",1,"14","X7611"
"2","someth",1,"14","X7611"
"2","stock",1,"14","X7611"
"2","three",1,"14","X7611"
"2","time",1,"14","X7611"
"2","want",1,"14","X7611"
"2","won",1,"14","X7611"
"2","year",2,"14","X7611"
"3","anyth",1,"14","X7611"
"3","enjoy",1,"14","X7611"
"3","get",2,"14","X7611"
"3","help",2,"14","X7611"
"3","hump",1,"14","X7611"
"3","improv",1,"14","X7611"
"3","leav",1,"14","X7611"
"3","mean",1,"14","X7611"
"3","opinion",1,"14","X7611"
"3","potenti",1,"14","X7611"
"3","sir",1,"14","X7611"
"3","stand",1,"14","X7611"
"3","total",1,"14","X7611"
"3","understand",1,"14","X7611"
"3","work",2,"14","X7611"
"4","alway",1,"14","X7611"
"4","away",1,"14","X7611"
"4","best",1,"14","X7611"
"4","bit",1,"14","X7611"
"4","bump",1,"14","X7611"
"4","can",1,"14","X7611"
"4","coupl",1,"14","X7611"
"4","definit",1,"14","X7611"
"4","earn",1,"14","X7611"
"4","els",1,"14","X7611"
"4","famili",1,"14","X7611"
"4","feel",2,"14","X7611"
"4","got",1,"14","X7611"
"4","ive",1,"14","X7611"
"4","keep",1,"14","X7611"
"4","know",2,"14","X7611"
"4","like",3,"14","X7611"
"4","littl",1,"14","X7611"
"4","mayb",1,"14","X7611"
"4","might",1,"14","X7611"
"4","opportun",1,"14","X7611"
"4","pay",1,"14","X7611"
"4","question",1,"14","X7611"
"4","right",1,"14","X7611"
"4","somewher",1,"14","X7611"
"4","take",1,"14","X7611"
"4","that",1,"14","X7611"
"4","three",1,"14","X7611"
"4","tough",1,"14","X7611"
"4","two",1,"14","X7611"
"4","understand",1,"14","X7611"
"4","work",1,"14","X7611"
"4","year",3,"14","X7611"
"5","absolut",1,"14","X7611"
"5","appreci",1,"14","X7611"
"5","listen",1,"14","X7611"
"5","thank",1,"14","X7611"
"1","achiev",1,"10","X8657"
"1","also",1,"10","X8657"
"1","award",1,"10","X8657"
"1","believ",1,"10","X8657"
"1","come",1,"10","X8657"
"1","compani",1,"10","X8657"
"1","coupl",1,"10","X8657"
"1","deserv",2,"10","X8657"
"1","discuss",1,"10","X8657"
"1","employe",1,"10","X8657"
"1","exact",1,"10","X8657"
"1","expect",2,"10","X8657"
"1","hasn√",1,"10","X8657"
"1","help",1,"10","X8657"
"1","higher",1,"10","X8657"
"1","highest",1,"10","X8657"
"1","increas",1,"10","X8657"
"1","ive",1,"10","X8657"
"1","job",2,"10","X8657"
"1","just",1,"10","X8657"
"1","last",1,"10","X8657"
"1","lot",3,"10","X8657"
"1","mayb",1,"10","X8657"
"1","offic",1,"10","X8657"
"1","person",1,"10","X8657"
"1","posit",1,"10","X8657"
"1","product",1,"10","X8657"
"1","rate",1,"10","X8657"
"1","recent",1,"10","X8657"
"1","salari",3,"10","X8657"
"1","show",1,"10","X8657"
"1","shown",1,"10","X8657"
"1","thought",1,"10","X8657"
"1","want",1,"10","X8657"
"1","within",1,"10","X8657"
"1","won",1,"10","X8657"
"1","year",2,"10","X8657"
"1","yet",1,"10","X8657"
"2","accomplish",1,"10","X8657"
"2","achiev",2,"10","X8657"
"2","believ",1,"10","X8657"
"2","contact",1,"10","X8657"
"2","discuss",2,"10","X8657"
"2","earn",1,"10","X8657"
"2","enough",1,"10","X8657"
"2","higher",2,"10","X8657"
"2","higherup",1,"10","X8657"
"2","ive",1,"10","X8657"
"2","salari",1,"10","X8657"
"2","show",1,"10","X8657"
"2","way",1,"10","X8657"
"3","can",1,"10","X8657"
"3","just",1,"10","X8657"
"3","know",1,"10","X8657"
"3","let",1,"10","X8657"
"3","progress",1,"10","X8657"
"3","situat",1,"10","X8657"
"3","there",1,"10","X8657"
"4","much",1,"10","X8657"
"4","thank",1,"10","X8657"
"1","actual",1,"10","X9320"
"1","convers",1,"10","X9320"
"1","discuss",1,"10","X9320"
"1","hope",1,"10","X9320"
"1","increas",1,"10","X9320"
"1","ma√",1,"10","X9320"
"1","open",1,"10","X9320"
"1","potenti",1,"10","X9320"
"1","salari",1,"10","X9320"
"1","someth",1,"10","X9320"
"1","want",1,"10","X9320"
"2","back",1,"10","X9320"
"2","can",1,"10","X9320"
"2","experi",1,"10","X9320"
"2","get",1,"10","X9320"
"2","higher",1,"10","X9320"
"2","previous",1,"10","X9320"
"2","salari",1,"10","X9320"
"2","think",2,"10","X9320"
"2","understand",1,"10","X9320"
"2","work",1,"10","X9320"
"2","yeah",1,"10","X9320"
"3","ask",1,"10","X9320"
"3","assign",1,"10","X9320"
"3","back",1,"10","X9320"
"3","believ",1,"10","X9320"
"3","best",1,"10","X9320"
"3","brought",1,"10","X9320"
"3","busi",1,"10","X9320"
"3","can",2,"10","X9320"
"3","compani",3,"10","X9320"
"3","decis",1,"10","X9320"
"3","done",2,"10","X9320"
"3","extra",1,"10","X9320"
"3","get",1,"10","X9320"
"3","good",2,"10","X9320"
"3","hard",1,"10","X9320"
"3","higher",2,"10","X9320"
"3","impress",1,"10","X9320"
"3","increas",1,"10","X9320"
"3","ive",2,"10","X9320"
"3","just",1,"10","X9320"
"3","led",1,"10","X9320"
"3","lot",4,"10","X9320"
"3","made",1,"10","X9320"
"3","manag",3,"10","X9320"
"3","mani",1,"10","X9320"
"3","month",1,"10","X9320"
"3","okay",1,"10","X9320"
"3","past",1,"10","X9320"
"3","possibl",1,"10","X9320"
"3","project",1,"10","X9320"
"3","realli",1,"10","X9320"
"3","role",1,"10","X9320"
"3","salari",1,"10","X9320"
"3","show",1,"10","X9320"
"3","taken",2,"10","X9320"
"3","thing",2,"10","X9320"
"3","think",1,"10","X9320"
"3","understand",1,"10","X9320"
"3","upper",1,"10","X9320"
"3","want",1,"10","X9320"
"3","will",1,"10","X9320"
"3","work",2,"10","X9320"
"3","worker",1,"10","X9320"
"4","coupl",1,"10","X9320"
"4","month",2,"10","X9320"
"4","okay",1,"10","X9320"
"4","one",1,"10","X9320"
"4","perhap",1,"10","X9320"
"4","reduc",1,"10","X9320"
"4","say",1,"10","X9320"
"4","time",1,"10","X9320"
"4","two",1,"10","X9320"
"4","way",1,"10","X9320"
"5","consid",1,"10","X9320"
"5","get",1,"10","X9320"
"5","increas",1,"10","X9320"
"5","ive",1,"10","X9320"
"5","may",1,"10","X9320"
"5","option",1,"10","X9320"
"5","past",1,"10","X9320"
"5","remain",1,"10","X9320"
"5","salari",2,"10","X9320"
"5","sinc",1,"10","X9320"
"5","stagnant",1,"10","X9320"
"5","think",1,"10","X9320"
"5","three",1,"10","X9320"
"5","well",1,"10","X9320"
"5","year",1,"10","X9320"
"6","thank",1,"10","X9320"
"6","time",1,"10","X9320"
"1","actual",1,"10","X6227"
"1","convers",1,"10","X6227"
"1","hope",1,"10","X6227"
"1","increas",1,"10","X6227"
"1","open",1,"10","X6227"
"1","potenti",1,"10","X6227"
"1","salari",1,"10","X6227"
"1","someth",1,"10","X6227"
"1","talk",1,"10","X6227"
"1","want",1,"10","X6227"
"2","actual",1,"10","X6227"
"2","convers",1,"10","X6227"
"2","hope",1,"10","X6227"
"2","increas",1,"10","X6227"
"2","open",1,"10","X6227"
"2","potenti",1,"10","X6227"
"2","salari",1,"10","X6227"
"2","someth",1,"10","X6227"
"2","talk",1,"10","X6227"
"2","want",1,"10","X6227"
"3","also",1,"10","X6227"
"3","appli",1,"10","X6227"
"3","around",2,"10","X6227"
"3","benefit",1,"10","X6227"
"3","bring",1,"10","X6227"
"3","brought",1,"10","X6227"
"3","busi",1,"10","X6227"
"3","can",1,"10","X6227"
"3","charg",1,"10","X6227"
"3","communic",1,"10","X6227"
"3","compani",2,"10","X6227"
"3","continu",1,"10","X6227"
"3","depart",1,"10","X6227"
"3","done",3,"10","X6227"
"3","enjoy",1,"10","X6227"
"3","extra",1,"10","X6227"
"3","fair",1,"10","X6227"
"3","genuin",1,"10","X6227"
"3","give",1,"10","X6227"
"3","great",2,"10","X6227"
"3","guess",1,"10","X6227"
"3","hard",1,"10","X6227"
"3","ill",2,"10","X6227"
"3","import",1,"10","X6227"
"3","impress",1,"10","X6227"
"3","ive",6,"10","X6227"
"3","job",2,"10","X6227"
"3","just",1,"10","X6227"
"3","leader",1,"10","X6227"
"3","lot",5,"10","X6227"
"3","mayb",1,"10","X6227"
"3","necessarili",1,"10","X6227"
"3","offic",2,"10","X6227"
"3","okay",2,"10","X6227"
"3","onlin",1,"10","X6227"
"3","part",1,"10","X6227"
"3","potenti",1,"10","X6227"
"3","project",1,"10","X6227"
"3","seen",1,"10","X6227"
"3","show",2,"10","X6227"
"3","sound",1,"10","X6227"
"3","taken",1,"10","X6227"
"3","talk",1,"10","X6227"
"3","thing",2,"10","X6227"
"3","think",2,"10","X6227"
"3","thought",1,"10","X6227"
"3","tri",2,"10","X6227"
"3","understand",1,"10","X6227"
"3","vouch",2,"10","X6227"
"3","wasnt",1,"10","X6227"
"3","well",1,"10","X6227"
"3","will",1,"10","X6227"
"3","work",7,"10","X6227"
"3","youv",1,"10","X6227"
"1","convers",1,"9","X1762"
"1","hope",1,"9","X1762"
"1","increas",1,"9","X1762"
"1","just",1,"9","X1762"
"1","open",1,"9","X1762"
"1","potenti",1,"9","X1762"
"1","salari",1,"9","X1762"
"1","someth",1,"9","X1762"
"1","talk",1,"9","X1762"
"1","want",1,"9","X1762"
"2","appli",1,"9","X1762"
"2","give",1,"9","X1762"
"2","guess",2,"9","X1762"
"2","head",1,"9","X1762"
"2","influenc",1,"9","X1762"
"2","just",2,"9","X1762"
"2","knew",1,"9","X1762"
"2","lot",1,"9","X1762"
"2","want",1,"9","X1762"
"2","will",1,"9","X1762"
"3","also",1,"9","X1762"
"3","award",1,"9","X1762"
"3","believ",2,"9","X1762"
"3","beyond",1,"9","X1762"
"3","colleagu",1,"9","X1762"
"3","compani",2,"9","X1762"
"3","deserv",1,"9","X1762"
"3","done",2,"9","X1762"
"3","effort",1,"9","X1762"
"3","employ",1,"9","X1762"
"3","employe",1,"9","X1762"
"3","experi",1,"9","X1762"
"3","feedback",1,"9","X1762"
"3","fill",1,"9","X1762"
"3","good",2,"9","X1762"
"3","havent",1,"9","X1762"
"3","highest",1,"9","X1762"
"3","ive",4,"9","X1762"
"3","just",1,"9","X1762"
"3","know",1,"9","X1762"
"3","last",1,"9","X1762"
"3","long",1,"9","X1762"
"3","longer",1,"9","X1762"
"3","look",2,"9","X1762"
"3","lot",2,"9","X1762"
"3","manag",2,"9","X1762"
"3","month",1,"9","X1762"
"3","numer",1,"9","X1762"
"3","offic",1,"9","X1762"
"3","pay",1,"9","X1762"
"3","posit",1,"9","X1762"
"3","product",1,"9","X1762"
"3","put",1,"9","X1762"
"3","rais",2,"9","X1762"
"3","rate",1,"9","X1762"
"3","realli",1,"9","X1762"
"3","receiv",1,"9","X1762"
"3","record",1,"9","X1762"
"3","regular",1,"9","X1762"
"3","result",1,"9","X1762"
"3","see",1,"9","X1762"
"3","sever",1,"9","X1762"
"3","speak",1,"9","X1762"
"3","think",3,"9","X1762"
"3","three",2,"9","X1762"
"3","time",4,"9","X1762"
"3","upper",1,"9","X1762"
"3","well",1,"9","X1762"
"3","won",1,"9","X1762"
"3","work",2,"9","X1762"
"3","worker",1,"9","X1762"
"3","year",3,"9","X1762"
"3","youll",1,"9","X1762"
"4","absolut",1,"9","X1762"
"4","bring",1,"9","X1762"
"4","everyth",1,"9","X1762"
"4","just",1,"9","X1762"
"4","record",1,"9","X1762"
"4","speak",1,"9","X1762"
"4","tell",1,"9","X1762"
"4","think",1,"9","X1762"
"4","told",1,"9","X1762"
"4","will",1,"9","X1762"
"4","work",1,"9","X1762"
"4","yeah",1,"9","X1762"
"5","abil",1,"9","X1762"
"5","abl",1,"9","X1762"
"5","better",1,"9","X1762"
"5","bring",1,"9","X1762"
"5","compani",1,"9","X1762"
"5","continu",1,"9","X1762"
"5","custom",1,"9","X1762"
"5","definit",2,"9","X1762"
"5","futur",2,"9","X1762"
"5","get",1,"9","X1762"
"5","higher",1,"9","X1762"
"5","ive",1,"9","X1762"
"5","keep",2,"9","X1762"
"5","lead",1,"9","X1762"
"5","manag",1,"9","X1762"
"5","now",1,"9","X1762"
"5","posit",1,"9","X1762"
"5","realli",1,"9","X1762"
"5","thing",1,"9","X1762"
"5","think",4,"9","X1762"
"5","understand",1,"9","X1762"
"5","vision",1,"9","X1762"
"5","well",3,"9","X1762"
"5","will",1,"9","X1762"
"5","word",1,"9","X1762"
"5","work",1,"9","X1762"
"6","absolut",1,"9","X1762"
"6","alway",1,"9","X1762"
"6","look",1,"9","X1762"
"6","opportun",1,"9","X1762"
"6","prove",1,"9","X1762"
"6","someth",1,"9","X1762"
"6","that",1,"9","X1762"
"6","think",1,"9","X1762"
"6","yeah",2,"9","X1762"
"1","actual",1,"13","X6001"
"1","convers",1,"13","X6001"
"1","discuss",1,"13","X6001"
"1","hope",1,"13","X6001"
"1","increas",1,"13","X6001"
"1","open",1,"13","X6001"
"1","potenti",1,"13","X6001"
"1","salari",1,"13","X6001"
"1","sir",1,"13","X6001"
"1","someth",1,"13","X6001"
"1","want",1,"13","X6001"
"2","assign",1,"13","X6001"
"2","brought",1,"13","X6001"
"2","busi",1,"13","X6001"
"2","compani",2,"13","X6001"
"2","done",1,"13","X6001"
"2","extra",1,"13","X6001"
"2","good",1,"13","X6001"
"2","led",1,"13","X6001"
"2","lot",3,"13","X6001"
"2","mani",1,"13","X6001"
"2","project",1,"13","X6001"
"2","taken",1,"13","X6001"
"2","thing",1,"13","X6001"
"2","work",1,"13","X6001"
"2","yes",1,"13","X6001"
"3","believ",1,"13","X6001"
"3","can",1,"13","X6001"
"3","coupl",1,"13","X6001"
"3","impress",1,"13","X6001"
"3","month",1,"13","X6001"
"3","past",1,"13","X6001"
"3","show",1,"13","X6001"
"3","work",1,"13","X6001"
"4","appreci",1,"13","X6001"
"4","approv",1,"13","X6001"
"4","can",1,"13","X6001"
"4","els",1,"13","X6001"
"4","essenti",1,"13","X6001"
"4","get",2,"13","X6001"
"4","help",1,"13","X6001"
"4","option",1,"13","X6001"
"4","rais",1,"13","X6001"
"4","reappli",1,"13","X6001"
"4","someth",1,"13","X6001"
"4","support",1,"13","X6001"
"4","thank",1,"13","X6001"
"4","well",1,"13","X6001"
"5","ask",1,"13","X6001"
"5","compani",2,"13","X6001"
"5","consid",1,"13","X6001"
"5","current",1,"13","X6001"
"5","higher",1,"13","X6001"
"5","honor",1,"13","X6001"
"5","keep",1,"13","X6001"
"5","offer",3,"13","X6001"
"5","option",1,"13","X6001"
"5","pay",1,"13","X6001"
"5","rais",1,"13","X6001"
"5","receiv",1,"13","X6001"
"5","salari",1,"13","X6001"
"5","talk",1,"13","X6001"
"5","want",1,"13","X6001"
"5","will",1,"13","X6001"
"5","yeah",1,"13","X6001"
"5","yes",2,"13","X6001"
"1","convers",1,"11","X5563"
"1","current",1,"11","X5563"
"1","hope",1,"11","X5563"
"1","just",1,"11","X5563"
"1","potenti",1,"11","X5563"
"1","salari",1,"11","X5563"
"1","status",1,"11","X5563"
"1","talk",1,"11","X5563"
"1","think",1,"11","X5563"
"1","want",1,"11","X5563"
"2","anyon",1,"11","X5563"
"2","ask",1,"11","X5563"
"2","award",1,"11","X5563"
"2","base",1,"11","X5563"
"2","better",1,"11","X5563"
"2","brought",1,"11","X5563"
"2","busi",2,"11","X5563"
"2","compani",2,"11","X5563"
"2","deserv",2,"11","X5563"
"2","els",1,"11","X5563"
"2","employe",1,"11","X5563"
"2","fact",1,"11","X5563"
"2","good",1,"11","X5563"
"2","gotten",1,"11","X5563"
"2","guy",1,"11","X5563"
"2","higher",1,"11","X5563"
"2","increas",1,"11","X5563"
"2","it√",1,"11","X5563"
"2","ive",2,"11","X5563"
"2","led",1,"11","X5563"
"2","level",1,"11","X5563"
"2","lot",2,"11","X5563"
"2","manag",1,"11","X5563"
"2","mani",1,"11","X5563"
"2","month",1,"11","X5563"
"2","offic",1,"11","X5563"
"2","past",2,"11","X5563"
"2","project",1,"11","X5563"
"2","salari",1,"11","X5563"
"2","someth",1,"11","X5563"
"2","sub",1,"11","X5563"
"2","thing",2,"11","X5563"
"2","think",2,"11","X5563"
"2","time",1,"11","X5563"
"2","work",1,"11","X5563"
"2","yeah",1,"11","X5563"
"2","year",2,"11","X5563"
"3","also",1,"11","X5563"
"3","come",1,"11","X5563"
"3","deserv",1,"11","X5563"
"3","fine",1,"11","X5563"
"3","higher",1,"11","X5563"
"3","long",1,"11","X5563"
"3","salari",1,"11","X5563"
"3","see",1,"11","X5563"
"3","that√",1,"11","X5563"
"3","think",2,"11","X5563"
"4","compani",2,"11","X5563"
"4","dedic",1,"11","X5563"
"4","hard",1,"11","X5563"
"4","like",1,"11","X5563"
"4","perhap",1,"11","X5563"
"4","pretti",1,"11","X5563"
"4","stay",1,"11","X5563"
"4","work",1,"11","X5563"
"1","actual",1,"13","X6477"
"1","convers",1,"13","X6477"
"1","discuss",1,"13","X6477"
"1","hope",1,"13","X6477"
"1","ma√",1,"13","X6477"
"1","open",1,"13","X6477"
"1","potenti",1,"13","X6477"
"1","rais",1,"13","X6477"
"1","salari",1,"13","X6477"
"1","someth",1,"13","X6477"
"1","want",1,"13","X6477"
"2","actual",1,"13","X6477"
"2","convers",1,"13","X6477"
"2","discuss",1,"13","X6477"
"2","hope",1,"13","X6477"
"2","ma√",1,"13","X6477"
"2","open",1,"13","X6477"
"2","potenti",1,"13","X6477"
"2","rais",1,"13","X6477"
"2","salari",1,"13","X6477"
"2","someth",1,"13","X6477"
"2","want",1,"13","X6477"
"3","actual",1,"13","X6477"
"3","convers",1,"13","X6477"
"3","discuss",1,"13","X6477"
"3","hope",1,"13","X6477"
"3","ma√",1,"13","X6477"
"3","open",1,"13","X6477"
"3","potenti",1,"13","X6477"
"3","rais",1,"13","X6477"
"3","salari",1,"13","X6477"
"3","someth",1,"13","X6477"
"3","want",1,"13","X6477"
"4","assign",1,"13","X6477"
"4","believ",1,"13","X6477"
"4","brought",1,"13","X6477"
"4","busi",1,"13","X6477"
"4","can",1,"13","X6477"
"4","compani",3,"13","X6477"
"4","convers",1,"13","X6477"
"4","coupl",1,"13","X6477"
"4","done",1,"13","X6477"
"4","extra",2,"13","X6477"
"4","feel",1,"13","X6477"
"4","good",1,"13","X6477"
"4","honest",1,"13","X6477"
"4","impress",1,"13","X6477"
"4","ive",3,"13","X6477"
"4","just",1,"13","X6477"
"4","led",1,"13","X6477"
"4","lot",3,"13","X6477"
"4","mani",2,"13","X6477"
"4","month",1,"13","X6477"
"4","past",1,"13","X6477"
"4","pretti",1,"13","X6477"
"4","project",1,"13","X6477"
"4","show",1,"13","X6477"
"4","stand",1,"13","X6477"
"4","taken",1,"13","X6477"
"4","theyd",1,"13","X6477"
"4","thing",1,"13","X6477"
"4","understand",1,"13","X6477"
"4","want",1,"13","X6477"
"4","well",1,"13","X6477"
"4","work",3,"13","X6477"
"5","abl",1,"13","X6477"
"5","also",1,"13","X6477"
"5","extent",1,"13","X6477"
"5","extraordinari",1,"13","X6477"
"5","ive",1,"13","X6477"
"5","real",1,"13","X6477"
"5","reason",2,"13","X6477"
"5","think",1,"13","X6477"
"5","understand",2,"13","X6477"
"5","work",1,"13","X6477"
"1","compani",2,"11","X5661"
"1","discuss",1,"11","X5661"
"1","expens",1,"11","X5661"
"1","famili",1,"11","X5661"
"1","get",1,"11","X5661"
"1","havent",1,"11","X5661"
"1","just",2,"11","X5661"
"1","long",2,"11","X5661"
"1","make",1,"11","X5661"
"1","mention",1,"11","X5661"
"1","much",1,"11","X5661"
"1","opportun",1,"11","X5661"
"1","pay",2,"11","X5661"
"1","rais",2,"11","X5661"
"1","request",1,"11","X5661"
"1","rise",2,"11","X5661"
"1","sinc",1,"11","X5661"
"1","thought",2,"11","X5661"
"1","time",3,"11","X5661"
"1","wonder",1,"11","X5661"
"2","boss",1,"11","X5661"
"2","charg",1,"11","X5661"
"2","everyth",1,"11","X5661"
"2","ideal",1,"11","X5661"
"2","just",1,"11","X5661"
"2","pay",1,"11","X5661"
"2","person",1,"11","X5661"
"2","roll",1,"11","X5661"
"2","talk",1,"11","X5661"
"2","thought",1,"11","X5661"
"3","accord",1,"11","X5661"
"3","also",1,"11","X5661"
"3","anyth",2,"11","X5661"
"3","assign",1,"11","X5661"
"3","award",1,"11","X5661"
"3","base",1,"11","X5661"
"3","came",1,"11","X5661"
"3","can",2,"11","X5661"
"3","compani",2,"11","X5661"
"3","credenti",1,"11","X5661"
"3","deserv",1,"11","X5661"
"3","don√",1,"11","X5661"
"3","employe",1,"11","X5661"
"3","get",1,"11","X5661"
"3","great",1,"11","X5661"
"3","grow",1,"11","X5661"
"3","help",1,"11","X5661"
"3","highest",1,"11","X5661"
"3","intent",1,"11","X5661"
"3","ive",1,"11","X5661"
"3","ladder",1,"11","X5661"
"3","last",1,"11","X5661"
"3","like",2,"11","X5661"
"3","long",1,"11","X5661"
"3","mani",1,"11","X5661"
"3","mind",1,"11","X5661"
"3","month",1,"11","X5661"
"3","much",1,"11","X5661"
"3","necessarili",1,"11","X5661"
"3","offic",1,"11","X5661"
"3","opportun",1,"11","X5661"
"3","past",1,"11","X5661"
"3","pay",3,"11","X5661"
"3","posit",1,"11","X5661"
"3","possibl",1,"11","X5661"
"3","product",1,"11","X5661"
"3","rais",3,"11","X5661"
"3","rate",1,"11","X5661"
"3","recent",2,"11","X5661"
"3","rise",1,"11","X5661"
"3","say",1,"11","X5661"
"3","sever",1,"11","X5661"
"3","small",1,"11","X5661"
"3","stagnant",1,"11","X5661"
"3","take",1,"11","X5661"
"3","task",1,"11","X5661"
"3","thought",1,"11","X5661"
"3","time",1,"11","X5661"
"3","way",1,"11","X5661"
"3","weren√",1,"11","X5661"
"3","will",1,"11","X5661"
"3","within",1,"11","X5661"
"3","work",1,"11","X5661"
"3","year",2,"11","X5661"
"4","cours",1,"11","X5661"
"4","first",1,"11","X5661"
"4","just",1,"11","X5661"
"4","know",1,"11","X5661"
"4","let",1,"11","X5661"
"4","opinion",1,"11","X5661"
"4","see",1,"11","X5661"
"4","though",1,"11","X5661"
"4","yeah",1,"11","X5661"
"5","can",1,"11","X5661"
"5","compens",2,"11","X5661"
"5","day",2,"11","X5661"
"5","expens",1,"11","X5661"
"5","get",1,"11","X5661"
"5","instead",1,"11","X5661"
"5","it√",2,"11","X5661"
"5","like",1,"11","X5661"
"5","mayb",1,"11","X5661"
"5","necessarili",1,"11","X5661"
"5","paid",1,"11","X5661"
"5","rais",2,"11","X5661"
"5","trip",1,"11","X5661"
"5","vacat",2,"11","X5661"
"1","actual",1,"12","X5152"
"1","convers",1,"12","X5152"
"1","discuss",1,"12","X5152"
"1","hope",1,"12","X5152"
"1","increas",1,"12","X5152"
"1","potenti",1,"12","X5152"
"1","salari",1,"12","X5152"
"1","want",1,"12","X5152"
"2","anyon",1,"12","X5152"
"2","ask",1,"12","X5152"
"2","assign",1,"12","X5152"
"2","brought",1,"12","X5152"
"2","busi",1,"12","X5152"
"2","can",1,"12","X5152"
"2","compani",1,"12","X5152"
"2","coupl",1,"12","X5152"
"2","done",1,"12","X5152"
"2","ethic",1,"12","X5152"
"2","extra",1,"12","X5152"
"2","find",1,"12","X5152"
"2","fine",1,"12","X5152"
"2","good",3,"12","X5152"
"2","hard",1,"12","X5152"
"2","includ",1,"12","X5152"
"2","ive",1,"12","X5152"
"2","led",1,"12","X5152"
"2","lot",3,"12","X5152"
"2","manag",1,"12","X5152"
"2","mani",1,"12","X5152"
"2","month",1,"12","X5152"
"2","offic",1,"12","X5152"
"2","past",1,"12","X5152"
"2","project",1,"12","X5152"
"2","show",1,"12","X5152"
"2","taken",1,"12","X5152"
"2","thing",1,"12","X5152"
"2","think",1,"12","X5152"
"2","upper",1,"12","X5152"
"2","work",5,"12","X5152"
"2","your",1,"12","X5152"
"3","around",1,"12","X5152"
"3","schedul",1,"12","X5152"
"3","whatev",1,"12","X5152"
"3","work",1,"12","X5152"
"3","yeah",1,"12","X5152"
"4","anoth",1,"12","X5152"
"4","job",1,"12","X5152"
"4","look",1,"12","X5152"
"4","might",1,"12","X5152"
"4","point",1,"12","X5152"
"4","start",1,"12","X5152"
"5","say",1,"12","X5152"
"5","thank",2,"12","X5152"
"5","time",1,"12","X5152"
